Тройная граница;Криминал;Боевик (Экшен);Гангстерский;Современное кино (2000–2020);6.5
Тройная граница;Криминал;Боевик (Экшен);Гангстерский;Современное кино (2000–2020);6.551;470464;Triple Frontier;6.5;6.4
Взломщик;Криминал;Фантастика;Финансовые махинации;Классика (до 2000 года);6.335;45987;;5.9;0
Простой план;Криминал;Триллер;Финансовые махинации;Классика (до 2000 года);7.172;2212;A Simple Plan;7.5;8.2
Хулиганы 3;Криминал;Боевик (Экшен);Гангстерский;Современное кино (2000–2020);5.425;730990;Green Street 3: Never Back Down;5.2;0
Страховщик;Криминал;Детектив;Финансовые махинации;Новинки (2020–2025);5.9;596231;Autómata;6;5.4
Полный беспредел;Криминал;Боевик (Экшен);Гангстерский;Новинки (2020–2025);7.002;568458;Autoreiji: Biyondo;6.7;5.8
Афера;Криминал;Комедия;Финансовые махинации;Классика (до 2000 года);8.126;383;The Sting;8.2;8.4
Уолл Стрит: Деньги не спят;Криминал;Драма;Финансовые махинации;Современное кино (2000–2020);6.809;409151;Wall Street: Money Never Sleeps;6.2;6
Рысь;Криминал;Драма;Финансовые махинации;Современное кино (2000–2020);4.812;566753;;0;0
Шесть пуль;Криминал;Драма;Полицейский;Современное кино (2000–2020);6.085;596222;6 Bullets;6;0
Братья Систерс;Криминал;Исторический;Гангстерский;Современное кино (2000–2020);7.096;968375;The Sisters Brothers;6.9;7.4
Двое в городе;Криминал;Драма;Тюремные драмы;Классика (до 2000 года);8.017;20941;Deux hommes dans la ville;7.3;6.3
Охота на воров;Криминал;Боевик (Экшен);Полицейский;Современное кино (2000–2020);7.273;916105;Den of Thieves;7;5.1
Капоне. Лицо со шрамом;Криминал;Драма;Гангстерский;Классика (до 2000 года);5.439;1007761;Capone;4.7;4.7
Линкольн для адвоката;Криминал;Детектив;Полицейский;Современное кино (2000–2020);7.867;461939;The Lincoln Lawyer;7.3;6.7
Профессор в законе;Криминал;Комедия;Гангстерский;Современное кино (2000–2020);6.785;400102;;6.6;0
Шулера;Криминал;Комедия;Финансовые махинации;Современное кино (2000–2020);7.367;3549;Rounders;7.3;6.2
Приговоренные;Криминал;Боевик (Экшен);Тюремные драмы;Современное кино (2000–2020);6.243;198147;The Condemned;6;3.7
Бизнесмен;Криминал;Драма;Финансовые махинации;Современное кино (2000–2020);7.482;5407131;;0;0
Дефолт;Криминал;Драма;Финансовые махинации;Новинки (2020–2025);7.178;1047328;Gukgabudoeui nal;6.7;5.5
Суши гёл;Криминал;Боевик (Экшен);Гангстерский;Современное кино (2000–2020);6.062;502256;Sushi Girl;6;5.9
Криминальный талант;Криминал;Детектив;Полицейский;Современное кино (2000–2020);7.976;84670;;7.4;0
Инкассатор;Криминал;Боевик (Экшен);Гангстерский;Современное кино (2000–2020);6.049;310858;Armored;5.7;0
Деловые люди;Криминал;Комедия;Финансовые махинации;Новинки (2020–2025);8.138;44128;;7.6;0
На последнем дыхании;Криминал;Мелодрама;Гангстерский;Классика (до 2000 года);7.747;18511;À bout de souffle;7.7;8.6
Полицейский из Беверли-Хиллз 2;Криминал;Боевик (Экшен);Полицейский;Классика (до 2000 года);7.248;2316;Beverly Hills Cop II;6.6;5.1
Борсалино;Криминал;Боевик (Экшен);Гангстерский;Классика (до 2000 года);7.208;89936;Borsalino;6.8;0
Убийца внутри меня;Криминал;Триллер;Полицейский;Современное кино (2000–2020);5.802;431294;The Killer Inside Me;6.1;5.7
Формула 51;Криминал;Боевик (Экшен);Гангстерский;Современное кино (2000–2020);7.198;578;The 51st State;6.3;4.5
Восьмерка;Криминал;Боевик (Экшен);Гангстерский;Современное кино (2000–2020);5.762;613621;;5.2;0
Мошенничество;Криминал;Комедия;Финансовые махинации;Классика (до 2000 года);7.586;19207;Il bidone;7.5;8.3
Наемный убийца;Криминал;Триллер;Гангстерский;Новинки (2020–2025);5.235;702901;Bounty Killer;5.5;5.8
Уолл-стрит;Криминал;Драма;Финансовые махинации;Классика (до 2000 года);7.614;2742;Wall Street;7.3;7
Бандит;Криминал;Драма;Гангстерский;Классика (до 2000 года);7.281;1448499;Bandit;6.4;6.3
Государственный преступник;Криминал;Детектив;Полицейский;Новинки (2020–2025);7.869;44592;;6.9;0
Подстава;Криминал;Боевик (Экшен);Полицейский;Современное кино (2000–2020);6.548;976520;Set It Up;6.5;6.9
Порох;Криминал;Драма;Гангстерский;Новинки (2020–2025);6.293;1044295;Gunpowder;6.5;0
Вердикт за деньги;Криминал;Детектив;Финансовые махинации;Современное кино (2000–2020);7.696;3621;Runaway Jury;7.1;6.6
Кровь не вода;Криминал;Драма;Тюремные драмы;Новинки (2020–2025);7.023;471567;;5.5;0
Рэкетир;Криминал;Боевик (Экшен);Гангстерский;Новинки (2020–2025);7.652;398936;;6.8;0
Черная месса;Криминал;Биографический;Гангстерский;Современное кино (2000–2020);6.593;736205;Black Mass;6.8;6.7
Большая афера;Криминал;Комедия;Финансовые махинации;Классика (до 2000 года);7.35;696154;The Grand Seduction;7;5.7
Трафик;Криминал;Драма;Полицейский;Современное кино (2000–2020);5.905;1237488;Crisis;6.2;5.9
Груз;Криминал;Драма;Гангстерский;Современное кино (2000–2020);5.889;410599;Cargo;6.1;0
Настоящее преступление;Криминал;Детектив;Тюремные драмы;Классика (до 2000 года);4.869;587732;Dark Crimes;4.6;2.7
Козырные тузы;Криминал;Драма;Гангстерский;Классика (до 2000 года);7.34;182352;Smokin' Aces;6.6;4.5
Бандиты;Криминал;Боевик (Экшен);Гангстерский;Новинки (2020–2025);6.919;602;Bandits;6.5;6.1
Хладнокровный Люк;Криминал;Драма;Тюремные драмы;Классика (до 2000 года);7.66;443;Cool Hand Luke;8;8.8
Джеки Браун;Криминал;Драма;Гангстерский;Классика (до 2000 года);7.121;4628;Jackie Brown;7.5;7.6
Новая полицейская история;Криминал;Боевик (Экшен);Полицейский;Современное кино (2000–2020);7.414;77445;Xin jingcha gushi;6.9;0
Одинокие сердца;Криминал;Детектив;Полицейский;Современное кино (2000–2020);7.06;102138;Lonely Hearts;6.4;5.6
Убийца;Криминал;Боевик (Экшен);Гангстерский;Новинки (2020–2025);7.204;817324;Sicario;7.7;8.1
Билли Батгейт;Криминал;Драма;Гангстерский;Классика (до 2000 года);6.443;4518;Billy Bathgate;5.9;5
Бешеное золото;Криминал;Приключения;Финансовые махинации;Современное кино (2000–2020);6.246;95211;;6;0
Корсиканец;Криминал;Драма;Гангстерский;Современное кино (2000–2020);7.005;77575;L' Enquête corse;5.8;0
Спящий лев;Криминал;Триллер;Гангстерский;Новинки (2020–2025);6.433;425058;;6.1;0
Кодекс киллера;Криминал;Боевик (Экшен);Гангстерский;Новинки (2020–2025);5.954;1077251;The Protégé;6.1;5.9
Фирма;Криминал;Триллер;Финансовые махинации;Классика (до 2000 года);7.141;8127;The Firm;6.9;6.2
Влюбленный скорпион;Криминал;Боевик (Экшен);Гангстерский;Современное кино (2000–2020);6.282;679113;Alacrán enamorado;5.8;0
Срок давности;Криминал;Детектив;Тюремные драмы;Новинки (2020–2025);6.952;1008299;;0;0
Бронсон;Криминал;Биографический;Тюремные драмы;Современное кино (2000–2020);6.897;438272;Bronson;7;6.5
Чистильщик;Криминал;Боевик (Экшен);Гангстерский;Новинки (2020–2025);6.618;271941;Cleaner;6.1;4.3
Дилер;Криминал;Драма;Гангстерский;Современное кино (2000–2020);7.02;17115;Pusher;7.3;7.1
Олигарх;Криминал;Драма;Финансовые махинации;Современное кино (2000–2020);7.302;38795;;6.7;5.6
Старикам тут не место;Криминал;Триллер;Гангстерский;Современное кино (2000–2020);7.818;195434;No Country for Old Men;8.2;8.8
Выстрел в спину;Криминал;Боевик (Экшен);Гангстерский;Новинки (2020–2025);5.537;1192382;;0;0
Джанго освобожденный;Криминал;Исторический;Гангстерский;Современное кино (2000–2020);8.253;586397;Django Unchained;8.5;8.1
Бронкская история;Криминал;Драма;Гангстерский;Классика (до 2000 года);8.083;7466;A Bronx Tale;7.8;7.5
Двадцать одно;Криминал;Триллер;Финансовые махинации;Современное кино (2000–2020);7.705;195847;21;6.8;5.2
Злодей;Криминал;Боевик (Экшен);Полицейский;Новинки (2020–2025);6.221;1246367;Villain;5.9;6
Ограбление в ураган;Криминал;Боевик (Экшен);Финансовые махинации;Современное кино (2000–2020);5.835;968125;The Hurricane Heist;5.1;4.9
Закатать в асфальт;Криминал;Боевик (Экшен);Гангстерский;Современное кино (2000–2020);7.044;1040748;Dragged Across Concrete;6.9;6.9
Полицейские и воры;Криминал;Комедия;Полицейский;Классика (до 2000 года);6.782;40926;;5.9;0
Возврата нет;Криминал;Боевик (Экшен);Гангстерский;Новинки (2020–2025);6.573;45897;;6;0
Орлеан;Криминал;Драма;Финансовые махинации;Новинки (2020–2025);6.107;838963;;5.8;0
Враг государства №1;Криминал;Биографический;Гангстерский;Современное кино (2000–2020);7.291;424044;L'instinct de mort;7.5;7.3
Неуловимые;Криминал;Боевик (Экшен);Гангстерский;Современное кино (2000–2020);7.481;1008556;;0;0
Оправданная жестокость;Криминал;Боевик (Экшен);Гангстерский;Новинки (2020–2025);6.934;78320;A History of Violence;7.4;7.9
Банды Нью-Йорка;Криминал;Исторический;Гангстерский;Современное кино (2000–2020);7.74;678;Gangs of New York;7.5;7
8 подруг Оушена;Криминал;Комедия;Финансовые махинации;Современное кино (2000–2020);6.729;983177;Ocean's Eight;6.3;6.3
Тринадцать друзей Оушена;Криминал;Комедия;Финансовые махинации;Современное кино (2000–2020);7.739;251879;Ocean's Thirteen;6.9;6.4
Альфа Дог;Криминал;Биографический;Гангстерский;Современное кино (2000–2020);7.548;84451;Alpha Dog;6.9;5.7
Уловка .44;Криминал;Детектив;Гангстерский;Современное кино (2000–2020);4.672;416566;Catch .44;4.6;3
Свора;Криминал;Боевик (Экшен);Гангстерский;Новинки (2020–2025);5.89;104986;The Breed;5.1;3.5
Потерянный рай;Криминал;Детектив;Полицейский;Классика (до 2000 года);6.674;717311;Escobar: Paradise Lost;6.5;5.6
Риф Ларго;Криминал;Триллер;Гангстерский;Классика (до 2000 года);7.377;8289;Key Largo;7.7;8.1
Криминальный Город: Разборки В Пусане;Криминал;Боевик (Экшен);Полицейский;Новинки (2020–2025);7.585;4961757;Beomjoe dosi 3;6.6;7.1
Общак;Криминал;Драма;Гангстерский;Современное кино (2000–2020);6.703;506490;The Drop;7;7.1
Полицейская история 2;Криминал;Боевик (Экшен);Полицейский;Классика (до 2000 года);7.789;22777;Ging chaat goo si juk jaap;7.1;6.6
Бумер;Криминал;Боевик (Экшен);Гангстерский;Современное кино (2000–2020);7.089;57166;;7.1;0
Последнее дело вареного;Криминал;Детектив;Полицейский;Новинки (2020–2025);6.398;400114;;6.3;0
Дочь якудзы;Криминал;Боевик (Экшен);Гангстерский;Современное кино (2000–2020);5.229;309406;;4.9;0
По волчьим законам;Криминал;Комедия;Финансовые махинации;Современное кино (2000–2020);8.35;928372;Animal Kingdom;8.2;0
Гангстеры в океане;Криминал;Боевик (Экшен);Гангстерский;Классика (до 2000 года);5.609;44463;;4.4;0
Парк культуры и отдыха;Криминал;Детектив;Полицейский;Новинки (2020–2025);6.728;395781;Adventureland;6.8;7.4
Тройная граница;Криминал;Боевик (Экшен);Гангстерский;Современное кино (2000–2020);6.5
Тройная граница;Криминал;Боевик (Экшен);Гангстерский;Современное кино (2000–2020);6.5
Рок-н-рольщик;Криминал;Комедия;Гангстерский;Современное кино (2000–2020);7.838;378140;RocknRolla;7.2;6
Чувствуя Миннесоту;Криминал;Драма;Гангстерский;Классика (до 2000 года);6.241;1095;Feeling Minnesota;5.4;3.6
Кодекс вора;Криминал;Драма;Гангстерский;Новинки (2020–2025);6.333;395713;The Code;6;3.9
Служители закона;Криминал;Триллер;Полицейский;Современное кино (2000–2020);7.193;3901;U.S. Marshals;6.6;4.9
Виолет и Дейзи;Криминал;Триллер;Гангстерский;Современное кино (2000–2020);6.088;507984;Violet & Daisy;6;4.8
Поцелуй смерти;Криминал;Триллер;Гангстерский;Классика (до 2000 года);6.113;9531;Kiss of Death;6;6.7
Клан;Криминал;Драма;Гангстерский;Новинки (2020–2025);7.66;2000742;Kin;8;0
Легенда;Криминал;Биографический;Гангстерский;Современное кино (2000–2020);7.26;839954;Legend;6.9;5.9
Красавчик Джонни;Криминал;Драма;Тюремные драмы;Классика (до 2000 года);6.771;2291;Johnny Handsome;6.1;6.3
За пределами закона;Криминал;Боевик (Экшен);Полицейский;Классика (до 2000 года);7.625;14835;Beyond the Law;6.4;0
Антибумер;Криминал;Боевик (Экшен);Гангстерский;Современное кино (2000–2020);4.056;430442;;0;0
Только Бог простит;Криминал;Триллер;Гангстерский;Современное кино (2000–2020);5.966;504288;Only God Forgives;5.7;5.3
Власть убийц;Криминал;Драма;Гангстерский;Новинки (2020–2025);7.044;471921;Jian yu;6.8;5.8
Прогулка среди могил;Криминал;Детектив;Полицейский;Современное кино (2000–2020);6.588;596274;A Walk Among the Tombstones;6.5;6.2
Шафт;Криминал;Детектив;Гангстерский;Классика (до 2000 года);6.571;908691;Shaft;6.4;4.8
Бойлерная;Криминал;Драма;Финансовые махинации;Новинки (2020–2025);7.053;617;Boiler Room;7;6.4
Хулиганы;Криминал;Боевик (Экшен);Гангстерский;Современное кино (2000–2020);8.017;77444;Green Street;7.4;5.5
Огни притона;Криминал;Драма;Тюремные драмы;Классика (до 2000 года);6.692;436352;;5.9;0
Ангелы с грязными лицами;Криминал;Драма;Гангстерский;Классика (до 2000 года);7.724;12938;Angels with Dirty Faces;7.9;8.3
Честный вор;Криминал;Боевик (Экшен);Полицейский;Новинки (2020–2025);6.593;609931;Honest Thief;6;5
Переговорщик;Криминал;Детектив;Полицейский;Классика (до 2000 года);7.813;4540;The Negotiator;7.3;6.7
Ядовитая роза;Криминал;Детектив;Гангстерский;Современное кино (2000–2020);5.912;992558;The Poison Rose;4.8;0
Гениальное ограбление;Криминал;Комедия;Финансовые махинации;Классика (до 2000 года);6.473;1236795;Way Down;6.4;5.9
Честь семьи Прицци;Криминал;Комедия;Гангстерский;Классика (до 2000 года);6.946;4207;Prizzi's Honor;6.7;7.2
Время псов;Криминал;Боевик (Экшен);Гангстерский;Новинки (2020–2025);5.54;736234;The Hunter's Prayer;5.6;4.9
На районе;Криминал;Драма;Гангстерский;Современное кино (2000–2020);4.716;998805;;2.8;0
Святые из Бундока;Криминал;Боевик (Экшен);Гангстерский;Классика (до 2000 года);7.943;4917;The Boondock Saints;7.6;4.6
Исполнитель приговора;Криминал;Боевик (Экшен);Гангстерский;Классика (до 2000 года);5.684;102828;;5.8;0
Сделка с дьяволом;Криминал;Драма;Гангстерский;Новинки (2020–2025);6.775;161007;The Covenant;5.2;2.9
Закон ночи;Криминал;Драма;Гангстерский;Современное кино (2000–2020);6.544;677768;Live by Night;6.4;5.2
Старик;Криминал;Боевик (Экшен);Гангстерский;Новинки (2020–2025);7.865;711443;Шал;7.2;0
Большой куш;Криминал;Комедия;Гангстерский;Современное кино (2000–2020);8.555;526;Snatch;8.2;6.4
Мафия: Игра на выживание;Криминал;Триллер;Гангстерский;Новинки (2020–2025);5.231;839253;;4.2;0
Одиннадцать друзей Оушена;Криминал;Комедия;Финансовые махинации;Современное кино (2000–2020);8.081;770;Ocean's Eleven;7.7;7
3000 миль до Грейслэнда;Криминал;Боевик (Экшен);Гангстерский;Современное кино (2000–2020);6.873;9385;3000 Miles to Graceland;6;3.5
Рэкетир 2;Криминал;Боевик (Экшен);Гангстерский;Современное кино (2000–2020);6.886;883918;;5.8;0
Криминальный квартет;Криминал;Комедия;Гангстерский;Новинки (2020–2025);7.405;44983;;6.6;0
Контрабанда;Криминал;Боевик (Экшен);Финансовые махинации;Современное кино (2000–2020);6.911;477852;Contraband;6.4;5.4
Полиция Майами: Отдел нравов;Криминал;Боевик (Экшен);Полицейский;Современное кино (2000–2020);6.267;88010;Miami Vice;6.1;5.7
Черный пес;Криминал;Драма;Тюремные драмы;Современное кино (2000–2020);6.934;1985;Black Dog;5.5;3.8
Гоморра;Криминал;Драма;Гангстерский;Современное кино (2000–2020);7.965;820540;Gomorra: La serie;8.6;0
Смертный приговор;Криминал;Боевик (Экшен);Гангстерский;Современное кино (2000–2020);6.952;256164;Death Sentence;6.7;4.2
Фара;Криминал;Боевик (Экшен);Полицейский;Современное кино (2000–2020);7.688;41166;;6.8;0
Месть и закон;Криминал;Триллер;Тюремные драмы;Современное кино (2000–2020);7.844;40451;Sholay;8.1;0
Место встречи изменить нельзя;Криминал;Детектив;Полицейский;Классика (до 2000 года);8.926;77202;;8.7;0
Полицейские;Криминал;Комедия;Полицейский;Новинки (2020–2025);6.889;7465;Cop Land;7;6.5
Лихорадка;Криминал;Драма;Гангстерский;Современное кино (2000–2020);5.986;8027;Cabin Fever;5.6;5.9
Фокус;Криминал;Комедия;Финансовые махинации;Современное кино (2000–2020);7.077;680824;Focus;6.6;5.8
Город порока;Криминал;Боевик (Экшен);Гангстерский;Современное кино (2000–2020);6.316;462787;Broken City;6.1;4.6
Кочегар;Криминал;Драма;Гангстерский;Современное кино (2000–2020);6.782;500358;;6.6;7.4
Макаров;Криминал;Боевик (Экшен);Полицейский;Современное кино (2000–2020);6.928;7655;;6.7;0
Сириана;Криминал;Триллер;Финансовые махинации;Современное кино (2000–2020);6.448;18295;Syriana;6.9;6.9
Братья по крови;Криминал;Драма;Гангстерский;Новинки (2020–2025);6.663;85210;Blutsbrüder;5.4;0
Любой ценой;Криминал;Драма;Гангстерский;Современное кино (2000–2020);7.233;726794;Hell or High Water;7.6;8.5
Кидалы;Криминал;Комедия;Финансовые махинации;Современное кино (2000–2020);6.623;5294;The Grifters;6.9;8.1
Газетчик;Криминал;Детектив;Полицейский;Новинки (2020–2025);6.092;586624;The Paperboy;5.7;5.3
"Пушки, телки и азарт";Криминал;Комедия;Гангстерский;Классика (до 2000 года);5.7;535274;Guns, Girls and Gambling;5.5;3.8
Ограбление на Бейкер-Стрит;Криминал;Детектив;Финансовые махинации;Новинки (2020–2025);7.422;77649;The Bank Job;7.2;6.8
Воры;Криминал;Драма;Гангстерский;Новинки (2020–2025);6.915;702036;Dodukdeul;6.8;6.9
Ветреная река;Криминал;Детектив;Полицейский;Современное кино (2000–2020);7.684;958442;Wind River;7.7;7.6
Самурай;Криминал;Триллер;Гангстерский;Классика (до 2000 года);7.766;80253;Le samouraï;8;8.7
Собачий полдень;Криминал;Драма;Полицейский;Классика (до 2000 года);7.665;500;Dog Day Afternoon;8;8.6
Похищение Фредди Хайнекена;Криминал;Триллер;Гангстерский;Современное кино (2000–2020);6.342;763722;Kidnapping Mr. Heineken;6.1;4.5
Хорошее время;Криминал;Триллер;Гангстерский;Современное кино (2000–2020);6.896;928796;Good Time;7.3;7.6
Шайтан;Криминал;Боевик (Экшен);Гангстерский;Современное кино (2000–2020);5.266;102181;Sheitan;5.6;5.6
Жажда мести;Криминал;Триллер;Тюремные драмы;Современное кино (2000–2020);7.382;1409125;Parot;5.6;0
Доберман;Криминал;Боевик (Экшен);Гангстерский;Классика (до 2000 года);7.109;3718;Dobermann;6.5;6.6
Дикая парочка;Криминал;Биографический;Гангстерский;Классика (до 2000 года);6.512;1262046;Wild Mountain Thyme;5.8;4.6
Крестный отец 2;Криминал;Драма;Гангстерский;Классика (до 2000 года);8.532;327;The Godfather: Part II;9;9.7
Весьегонская волчица;Криминал;Драма;Гангстерский;Новинки (2020–2025);7.939;252027;;7.1;0
Два ствола;Криминал;Комедия;Гангстерский;Классика (до 2000 года);7.084;464290;2 Guns;6.7;6
Джентльмен грабитель;Криминал;Приключения;Финансовые махинации;Современное кино (2000–2020);5.74;445147;Electric Slide;4.6;3.1
Афера Оливера Твиста;Криминал;Драма;Гангстерский;Современное кино (2000–2020);5.918;1254474;Twist;4.2;3.4
Ключ без права передачи;Криминал;Драма;Другое;Классика (до 2000 года);7.828;44830;;7.4;0
Игры киллеров;Криминал;Боевик (Экшен);Гангстерский;Новинки (2020–2025);6.144;467086;Assassination Games;6.1;3.5
Ирландец;Криминал;Биографический;Гангстерский;Современное кино (2000–2020);7.39;462305;The Irishman;7.8;8.8
Криминальный город 2;Криминал;Боевик (Экшен);Полицейский;Новинки (2020–2025);7.597;1169291;Beomjoе dosi 2;7;7.6
Осведомитель;Криминал;Боевик (Экшен);Полицейский;Современное кино (2000–2020);6.867;18097;The Informer;7.4;8.3
Коррупционер;Криминал;Боевик (Экшен);Полицейский;Классика (до 2000 года);6.978;3583;The Corruptor;6.1;5.3
Дикари;Криминал;Триллер;Гангстерский;Современное кино (2000–2020);6.952;271513;;6.4;0
Апачи;Криминал;Боевик (Экшен);Гангстерский;Новинки (2020–2025);6.858;85557;Apachen;5.9;0
Закон доблести;Криминал;Триллер;Полицейский;Современное кино (2000–2020);6.669;494938;Act of Valor;6.4;4.6
В тихом омуте;Криминал;Детектив;Полицейский;Новинки (2020–2025);6.887;1152188;I See You;6.8;6.3
Французский транзит;Криминал;Боевик (Экшен);Гангстерский;Современное кино (2000–2020);7.107;765712;La French;7.1;6.6
Криминальная фишка от Генри;Криминал;Триллер;Другое;Классика (до 2000 года);6.25;463782;Henry's Crime;5.9;5
Его собачье дело;Криминал;Драма;Полицейский;Классика (до 2000 года);6.049;912057;Once Upon a Time in Venice;5.3;4.1
Кровный отец;Криминал;Боевик (Экшен);Гангстерский;Современное кино (2000–2020);6.177;839472;Blood Father;6.4;6.6
Двенадцать друзей Оушена;Криминал;Комедия;Финансовые махинации;Современное кино (2000–2020);7.65;18294;Ocean's Twelve;6.5;6
Гнев человеческий;Криминал;Боевик (Экшен);Гангстерский;Новинки (2020–2025);7.692;1318972;Wrath of Man;7.1;6.3
Право на убийство;Криминал;Боевик (Экшен);Тюремные драмы;Современное кино (2000–2020);6.789;315168;Righteous Kill;6;4.1
Будни уголовного розыска;Криминал;Детектив;Полицейский;Классика (до 2000 года);5.963;46236;;5.2;0
Дон. Главарь мафии;Криминал;Боевик (Экшен);Гангстерский;Современное кино (2000–2020);8.055;104917;Don;7.2;8.1
В погоне за Бонни и Клайдом;Криминал;Биографический;Полицейский;Современное кино (2000–2020);6.877;830906;The Highwaymen;6.9;6
Во все тяжкое;Криминал;Драма;Гангстерский;Современное кино (2000–2020);8.92;404900;Breaking Bad;9.5;0
Охотники на гангстеров;Криминал;Боевик (Экшен);Гангстерский;Современное кино (2000–2020);7;468564;Gangster Squad;6.7;5
Великолепная афера;Криминал;Комедия;Финансовые махинации;Классика (до 2000 года);7.368;1952;Matchstick Men;7.3;7.1
Мафия бессмертна;Криминал;Боевик (Экшен);Гангстерский;Новинки (2020–2025);5.59;41588;;4.9;0
Однажды в Шанхае;Криминал;Боевик (Экшен);Гангстерский;Современное кино (2000–2020);6.615;673271;E zhan;6.7;0
Добейся успеха;Криминал;Биографический;Гангстерский;Современное кино (2000–2020);6.819;622;Bring It On;6.2;6
Дикость;Криминал;Драма;Гангстерский;Новинки (2020–2025);7.174;18545;Wild Things;6.6;5.9
Джентльмены;Криминал;Комедия;Гангстерский;Современное кино (2000–2020);8.652;1143242;The Gentlemen;7.8;6.6
Француз;Криминал;Боевик (Экшен);Гангстерский;Новинки (2020–2025);7.076;84998;;5.9;0
Святые из Бундока 2: День всех святых;Криминал;Боевик (Экшен);Гангстерский;Современное кино (2000–2020);6.88;427252;The Boondock Saints II: All Saints Day;6.2;4.1
Кровь искупления;Криминал;Боевик (Экшен);Гангстерский;Новинки (2020–2025);5.019;716959;Blood of Redemption;4.5;0
Тюряга;Криминал;Драма;Тюремные драмы;Новинки (2020–2025);7.327;6241;Lock Up;6.4;4.7
Сумка инкассатора;Криминал;Боевик (Экшен);Финансовые махинации;Новинки (2020–2025);6.978;428681;;6;0
Вымогательство;Криминал;Детектив;Полицейский;Классика (до 2000 года);6.778;771802;Extortion;6.2;0
Летучий отряд Скотланд-Ярда;Криминал;Детектив;Полицейский;Классика (до 2000 года);6.328;648929;The Sweeney;6.1;5
Гордость и слава;Криминал;Триллер;Полицейский;Современное кино (2000–2020);6.729;195199;Pride and Glory;6.6;5.1
Жить и умереть в Лос-Анджелесе;Криминал;Боевик (Экшен);Полицейский;Классика (до 2000 года);6.927;4335;To Live and Die in L.A.;7.3;7.2
Охотники за головами;Криминал;Боевик (Экшен);Финансовые махинации;Современное кино (2000–2020);7.584;526812;Hodejegerne;7.5;7.6
Бык;Криминал;Драма;Гангстерский;Новинки (2020–2025);6.945;1142654;;6.4;0
Вор;Криминал;Драма;Тюремные драмы;Классика (до 2000 года);7.962;7651;;7.6;0
Антикиллер;Криминал;Боевик (Экшен);Полицейский;Современное кино (2000–2020);6.372;41010;;5.5;0
Налетчики;Криминал;Комедия;Гангстерский;Современное кино (2000–2020);5.418;925037;Marauders;5.5;4.1
Крестный отец;Криминал;Драма;Гангстерский;Классика (до 2000 года);8.707;325;The Godfather;9.2;9.4
Сувенир для прокурора;Криминал;Детектив;Полицейский;Новинки (2020–2025);6.14;471528;;0;0
Путь Карлито;Криминал;Драма;Гангстерский;Классика (до 2000 года);7.949;4275;Carlito's Way;7.9;7.2
Иуда;Криминал;Драма;Гангстерский;Новинки (2020–2025);6.478;686791;;6.3;0
Азартные игры;Криминал;Драма;Финансовые махинации;Классика (до 2000 года);6.948;4552;Reindeer Games;5.8;4.3
Поезд на Юму;Криминал;Боевик (Экшен);Гангстерский;Современное кино (2000–2020);7.779;78240;3:10 to Yuma;7.6;7.5
Убийцы цветочной луны;Криминал;Исторический;Гангстерский;Новинки (2020–2025);7.153;1077781;Killers of the Flower Moon;7.5;8.5
Багси;Криминал;Биографический;Гангстерский;Классика (до 2000 года);7.118;7623;Bugsy;6.8;7
Шрам;Криминал;Драма;Гангстерский;Классика (до 2000 года);7.376;668624;The Cut;6.3;5.9
Однажды в Америке;Криминал;Драма;Гангстерский;Классика (до 2000 года);8.275;469;Once Upon a Time in America;8.3;8.6
Револьвер;Криминал;Триллер;Финансовые махинации;Современное кино (2000–2020);7.34;18973;Revolver;6.3;3.4
Воры в законе;Криминал;Драма;Гангстерский;Новинки (2020–2025);6.963;45843;;6;0
Слоеный торт;Криминал;Триллер;Гангстерский;Современное кино (2000–2020);7.15;47250;Layer Cake;7.2;7.1
Отступники;Криминал;Триллер;Полицейский;Современное кино (2000–2020);8.457;81314;The Departed;8.5;8.3
Не будите спящую собаку;Криминал;Боевик (Экшен);Полицейский;Новинки (2020–2025);7.573;79598;;7.1;0
Лицо со шрамом;Криминал;Боевик (Экшен);Гангстерский;Классика (до 2000 года);8.17;4695;Scarface;8.3;7.5
Академия смерти;Криминал;Боевик (Экшен);Гангстерский;Современное кино (2000–2020);7.435;1100424;Deadly Class;7.5;0
Аферистка;Криминал;Комедия;Финансовые махинации;Новинки (2020–2025);6.809;1248786;I Care a Lot;6.4;7
Мошенники;Криминал;Комедия;Финансовые махинации;Новинки (2020–2025);8.026;5378574;;0;0
Камера 211;Криминал;Драма;Тюремные драмы;Современное кино (2000–2020);7.544;416547;Celda 211;7.6;7.6
Во имя справедливости;Криминал;Драма;Гангстерский;Классика (до 2000 года);6.793;4058;Out for Justice;6.1;3.8
Побег из Алькатраса;Криминал;Биографический;Тюремные драмы;Классика (до 2000 года);7.634;10851;Escape from Alcatraz;7.5;7.1
Кража;Криминал;Боевик (Экшен);Финансовые махинации;Современное кино (2000–2020);6.802;44968;;6.4;0
Расплата;Криминал;Боевик (Экшен);Гангстерский;Классика (до 2000 года);7.434;662359;The Accountant;7.3;5.7
Полицейская история;Криминал;Боевик (Экшен);Полицейский;Классика (до 2000 года);7.86;22791;Ging chaat goo si;7.5;7.5
По данным уголовного розыска...;Криминал;Детектив;Полицейский;Классика (до 2000 года);7.191;43003;;6.1;0
Сотрудник ЧК;Криминал;Исторический;Полицейский;Новинки (2020–2025);7.114;43928;;6.7;0
Преступник;Криминал;Боевик (Экшен);Полицейский;Современное кино (2000–2020);6.485;775517;Criminal;6.3;4.4
Решала 2;Криминал;Комедия;Гангстерский;Новинки (2020–2025);6.348;892585;;6;0
Бриллиантовый полицейский;Криминал;Боевик (Экшен);Полицейский;Классика (до 2000 года);7.583;7415;Blue Streak;6.4;4.8
Молот;Криминал;Детектив;Полицейский;Новинки (2020–2025);5.779;765098;;4.7;0
Клуб миллиардеров;Криминал;Биографический;Финансовые махинации;Современное кино (2000–2020);5.938;943645;Billionaire Boys Club;5.6;3.5
Русский бизнес;Криминал;Драма;Гангстерский;Современное кино (2000–2020);5.216;40731;;4.2;0
Побег из Шоушенка;Криминал;Драма;Тюремные драмы;Классика (до 2000 года);9.11;326;The Shawshank Redemption;9.3;8.3
Бум;Криминал;Боевик (Экшен);Гангстерский;Современное кино (2000–2020);8.048;15089;La boum;6.7;0
Пацаны;Криминал;Драма;Гангстерский;Современное кино (2000–2020);8.283;460586;The Boys;8.6;0
Ревущие двадцатые или судьба солдата в Америке;Криминал;Военный;Гангстерский;Классика (до 2000 года);7.911;12934;The Roaring Twenties;7.9;7.7
Побег из тюрьмы: Финальный побег;Криминал;Боевик (Экшен);Тюремные драмы;Современное кино (2000–2020);8.012;415249;Prison Break: The Final Break;7.8;0
Хорошие дети не плачут;Криминал;Драма;Гангстерский;Новинки (2020–2025);7.963;607235;Achtste-groepers huilen niet;7.4;0
Французский связной;Криминал;Боевик (Экшен);Полицейский;Классика (до 2000 года);7.553;567;The French Connection;7.7;8.9
Неоновая плоть;Криминал;Боевик (Экшен);Гангстерский;Современное кино (2000–2020);6.629;427235;Carne de neón;5.6;0
Плохой лейтенант;Криминал;Драма;Полицейский;Классика (до 2000 года);6.479;409160;The Bad Lieutenant: Port of Call - New Orleans;6.6;7.3
Кокаиновый барон;Криминал;Биографический;Гангстерский;Современное кино (2000–2020);5.979;989978;Running with the Devil;5.4;4.5
Ограбление по-итальянски;Криминал;Боевик (Экшен);Финансовые махинации;Современное кино (2000–2020);7.575;318;The Italian Job;7;6.4
Полицейский на подиуме;Криминал;Комедия;Полицейский;Современное кино (2000–2020);6.978;662553;Cha hyeongsa;5.8;0
Антиганг;Криминал;Боевик (Экшен);Полицейский;Новинки (2020–2025);6.041;864288;Antigang;5.7;0
Менялы;Криминал;Драма;Финансовые махинации;Новинки (2020–2025);7.338;41611;;6.9;0
Лорд Вор;Криминал;Драма;Финансовые махинации;Современное кино (2000–2020);6.813;87871;The Thief Lord;5.9;5.4
Антикиллер Д.К.: Любовь без памяти;Криминал;Боевик (Экшен);Полицейский;Современное кино (2000–2020);5.733;374714;;5.7;0
Хозяева ночи;Криминал;Боевик (Экшен);Гангстерский;Современное кино (2000–2020);6.705;251585;We Own the Night;6.8;5.9
Мальчики-налетчики;Криминал;Комедия;Гангстерский;Современное кино (2000–2020);6.91;420986;Takers;6.2;4.5
11.6;Криминал;Драма;Полицейский;Современное кино (2000–2020);5.935;731113;11.6;5.7;0
Звезда и смерть Хоакина Мурьеты;Криминал;Исторический;Гангстерский;Классика (до 2000 года);7.128;45412;;6.4;0
Фальшивомонетчики;Криминал;Военный;Финансовые махинации;Современное кино (2000–2020);7.406;258937;Die Fälscher;7.5;7.7
Дом Gucci;Криминал;Биографический;Финансовые махинации;Новинки (2020–2025);7.174;1449368;House of Gucci;6.6;6.2
Дэнни Цепной пес;Криминал;Боевик (Экшен);Гангстерский;Современное кино (2000–2020);7.566;6059;Unleashed;7;6.3
Медвежатник;Криминал;Комедия;Финансовые махинации;Классика (до 2000 года);7.214;819;The Score;6.8;6.5
Король Нью-Йорка;Криминал;Боевик (Экшен);Гангстерский;Классика (до 2000 года);6.761;3743;King of New York;6.9;6.4
Гангстер;Криминал;Боевик (Экшен);Гангстерский;Современное кино (2000–2020);7.971;252156;American Gangster;7.8;7
Подозрительные лица;Криминал;Детектив;Гангстерский;Классика (до 2000 года);7.831;340;The Usual Suspects;8.5;7.8
Искусство обмана;Криминал;Триллер;Финансовые махинации;Современное кино (2000–2020);6.14;1089131;Lying and Stealing;5.5;6
По наклонной;Криминал;Драма;Гангстерский;Новинки (2020–2025);7.085;1245501;Cherry;6.6;5.2
Короли улиц;Криминал;Боевик (Экшен);Полицейский;Современное кино (2000–2020);7.227;81750;Street Kings;6.8;5.1
Игра на понижение;Криминал;Биографический;Финансовые махинации;Современное кино (2000–2020);7.367;501333;The Big Short;7.8;7.8
Злые улицы;Криминал;Драма;Гангстерский;Классика (до 2000 года);7.085;3880;Mean Streets;7.2;8.7
Принц;Криминал;Драма;Гангстерский;Новинки (2020–2025);4.328;796063;The Prince;4.6;2.5
Черная роза;Криминал;Боевик (Экшен);Гангстерский;Новинки (2020–2025);1.461;771753;;2.8;4.2
Афера века;Криминал;Драма;Финансовые махинации;Новинки (2020–2025);7.362;1302575;El robo del siglo;7.1;7
Без резких движений;Криминал;Детектив;Гангстерский;Новинки (2020–2025);6.587;1355169;No Sudden Move;6.4;7.8
Нападение на Уолл-стрит;Криминал;Боевик (Экшен);Финансовые махинации;Современное кино (2000–2020);6.593;678127;Bailout: The Age of Greed;6;3.1
Элитный отряд;Криминал;Боевик (Экшен);Полицейский;Современное кино (2000–2020);7.42;268491;Tropa de Elite;8;5.2
Палач;Криминал;Драма;Тюремные драмы;Новинки (2020–2025);8.051;838262;;7.3;0
Горячая точка;Криминал;Мелодрама;Финансовые махинации;Классика (до 2000 года);6.935;1235971;;6.1;0
Последний заказ;Криминал;Боевик (Экшен);Полицейский;Новинки (2020–2025);4.414;565048;Last Call;4.1;0
Добрый медбрат;Криминал;Детектив;Полицейский;Новинки (2020–2025);6.481;1178004;The Good Nurse;6.8;6.7
Враг государства №1: Легенда;Криминал;Биографический;Гангстерский;Современное кино (2000–2020);7.382;271936;L'ennemi public n°1;7.4;7.3
Дух времени;Криминал;Детектив;Финансовые махинации;Современное кино (2000–2020);7.755;403486;Zeitgeist;8.1;0
Укол зонтиком;Криминал;Детектив;Финансовые махинации;Классика (до 2000 года);7.686;71058;Le coup du parapluie;6.6;0
Красная площадь;Криминал;Детектив;Полицейский;Новинки (2020–2025);7.355;44953;;7;0
Волк;Криминал;Биографический;Финансовые махинации;Современное кино (2000–2020);7.654;1334847;;7.2;0
Казино;Криминал;Драма;Гангстерский;Классика (до 2000 года);8.131;2494;Casino;8.2;7.2
Стальная бабочка;Криминал;Детектив;Полицейский;Современное кино (2000–2020);6.977;617329;;6.4;0
Драйв;Криминал;Боевик (Экшен);Гангстерский;Современное кино (2000–2020);7.247;276598;Drive;7.8;8.3
Презумпция виновности;Криминал;Детектив;Полицейский;Новинки (2020–2025);7.238;497201;Présumé coupable;7.3;0
Заложники;Криминал;Боевик (Экшен);Гангстерский;Современное кино (2000–2020);5.966;1007058;Mdzevlebi;6.1;6.8
Тройная граница;Криминал;Боевик (Экшен);Гангстерский;Современное кино (2000–2020);6.5
Афера по-американски;Криминал;Комедия;Финансовые махинации;Современное кино (2000–2020);6.943;635177;American Hustle;7.2;8.2
Бешеные;Криминал;Триллер;Гангстерский;Классика (до 2000 года);6.241;890370;Enragés;5.8;5.9
Черный снег;Криминал;Детектив;Полицейский;Новинки (2020–2025);6.107;4318308;;0;0
Три девятки;Криминал;Боевик (Экшен);Полицейский;Современное кино (2000–2020);6.301;565861;Triple 9;6.3;5.7
Яйцо Фаберже;Криминал;Боевик (Экшен);Гангстерский;Новинки (2020–2025);5.756;4491514;;0;0
Ограбление казино;Криминал;Боевик (Экшен);Финансовые махинации;Современное кино (2000–2020);6.264;572027;Killing Them Softly;6.2;6.9
Пес-призрак: Путь самурая;Криминал;Боевик (Экшен);Гангстерский;Классика (до 2000 года);7.745;4766;Ghost Dog: The Way of the Samurai;7.5;7.1
Беспредел;Криминал;Драма;Тюремные драмы;Классика (до 2000 года);7.745;46100;;7.3;0
По закону;Криминал;Детектив;Полицейский;Классика (до 2000 года);7.67;43021;;7.6;0
Фарго;Криминал;Комедия;Гангстерский;Классика (до 2000 года);8.34;767379;Fargo;8.8;0
Сицилианская защита;Криминал;Драма;Тюремные драмы;Новинки (2020–2025);7.233;43800;;6.2;0
Капкан для киллера;Криминал;Боевик (Экшен);Гангстерский;Новинки (2020–2025);5.764;412106;;4.7;0
Славные парни;Криминал;Драма;Гангстерский;Классика (до 2000 года);7.293;841152;The Nice Guys;7.4;7.6
22 пули: Бессмертный;Криминал;Боевик (Экшен);Гангстерский;Современное кино (2000–2020);7.177;470658;L'immortel;6.6;5.1
Петух;Криминал;Драма;Тюремные драмы;Современное кино (2000–2020);5.398;842036;;5.6;0
Банда Келли;Криминал;Биографический;Гангстерский;Современное кино (2000–2020);6.971;5572;Ned Kelly;6.4;5.6
Легкие деньги;Криминал;Драма;Гангстерский;Современное кино (2000–2020);5.677;462924;Good People;5.5;4.3
Убей или умри;Криминал;Боевик (Экшен);Гангстерский;Современное кино (2000–2020);4.849;648447;Raze;5.1;4.8
Карнавал;Криминал;Боевик (Экшен);Полицейский;Новинки (2020–2025);8.105;44719;;7.2;0
Полицейская история 3: Суперполицейский;Криминал;Боевик (Экшен);Полицейский;Классика (до 2000 года);7.29;13720;Ging chaat goo si III: Chiu kup ging chaat;7;7.2
Признание убийцы;Криминал;Детектив;Полицейский;Современное кино (2000–2020);6.656;992366;22-nenme no kokuhaku: watashi ga satsujinhan desu;6.8;0
Городская полиция;Криминал;Боевик (Экшен);Полицейский;Современное кино (2000–2020);6.627;4558;Metro;5.6;4.1
Вне поля зрения;Криминал;Мелодрама;Гангстерский;Классика (до 2000 года);6.847;4170;Out of Sight;7;7.9
Как украсть небоскреб;Криминал;Комедия;Финансовые махинации;Современное кино (2000–2020);6.726;195223;Tower Heist;6.2;6.1
Испытательный срок;Криминал;Драма;Тюремные драмы;Новинки (2020–2025);7.552;42642;;7.2;0
Законопослушный гражданин;Криминал;Триллер;Тюремные драмы;Современное кино (2000–2020);8.053;406408;Law Abiding Citizen;7.4;4.5
Полуночный экспресс;Криминал;Биографический;Тюремные драмы;Классика (до 2000 года);6.176;258775;The Midnight Meat Train;6;5.9
Сломанные побеги;Криминал;Драма;Тюремные драмы;Новинки (2020–2025);7.169;16601;Broken Blossoms or The Yellow Man and the Girl;7.2;8.3
Люцифер;Криминал;Боевик (Экшен);Гангстерский;Современное кино (2000–2020);7.654;893621;Lucifer;8;0
Брат якудзы;Криминал;Драма;Гангстерский;Современное кино (2000–2020);7.61;624;Brother;7.1;5.2
Порок на экспорт;Криминал;Детектив;Полицейский;Новинки (2020–2025);6.991;257892;Eastern Promises;7.6;7.7
Дикая банда;Криминал;Боевик (Экшен);Гангстерский;Классика (до 2000 года);7.697;450;The Wild Bunch;7.9;8.9
Подсадной;Криминал;Триллер;Полицейский;Новинки (2020–2025);7.153;507138;;6;0
Волк с Уолл-стрит;Криминал;Биографический;Финансовые махинации;Современное кино (2000–2020);8.077;462682;The Wolf of Wall Street;8.2;7.8
Шантажист;Криминал;Триллер;Финансовые махинации;Новинки (2020–2025);6.96;43723;;6.2;0
Афера под прикрытием;Криминал;Комедия;Финансовые махинации;Современное кино (2000–2020);7.202;463464;The Infiltrator;7;6.4
Бессонная ночь;Криминал;Боевик (Экшен);Полицейский;Современное кино (2000–2020);5.641;629863;Sleepless;5.6;4.3
Рейдер;Криминал;Боевик (Экшен);Финансовые махинации;Классика (до 2000 года);5.765;468186;;4.9;0
Одним меньше;Криминал;Драма;Тюремные драмы;Новинки (2020–2025);6.746;645066;Dead Man Down;6.4;5.1
Плутовство;Криминал;Комедия;Финансовые махинации;Классика (до 2000 года);7.585;2989;Wag the Dog;7.1;7.5
Земля картелей;Криминал;Боевик (Экшен);Гангстерский;Современное кино (2000–2020);6.774;886689;Cartel Land;7.3;7.6
Русское;Криминал;Боевик (Экшен);Гангстерский;Новинки (2020–2025);6.692;254806;;6.4;0
Плачущий убийца;Криминал;Боевик (Экшен);Гангстерский;Классика (до 2000 года);6.965;5426;Crying Freeman;6.4;7
Наркокурьер;Криминал;Боевик (Экшен);Гангстерский;Новинки (2020–2025);7.275;1142526;The Mule;7;6.2
Суши girl;Криминал;Боевик (Экшен);Гангстерский;Современное кино (2000–2020);6.761;258264;The Ramen Girl;6.3;0
Ограбление;Криминал;Боевик (Экшен);Гангстерский;Современное кино (2000–2020);5.744;5962615;The Pickup;5.4;4.1
Неподсуден;Криминал;Детектив;Полицейский;Новинки (2020–2025);7.653;46404;;7.2;0
Посвященный;Криминал;Боевик (Экшен);Гангстерский;Современное кино (2000–2020);6.811;88078;The Giver;6.4;5.3
Паркер;Криминал;Боевик (Экшен);Гангстерский;Современное кино (2000–2020);6.75;586475;Parker;6.2;4.8
Техники;Криминал;Боевик (Экшен);Финансовые махинации;Современное кино (2000–2020);6.893;843617;Gisuljadeul;6.5;0
Три часа на побег;Криминал;Боевик (Экшен);Тюремные драмы;Новинки (2020–2025);6.874;488238;À bout portant;6.8;7.4
Антикиллер 2: Антитеррор;Криминал;Боевик (Экшен);Полицейский;Современное кино (2000–2020);5.872;77397;;5.1;0
Перекресток Миллера;Криминал;Драма;Гангстерский;Классика (до 2000 года);7.574;523;Miller's Crossing;7.7;8.2
Настоящая Маккой;Криминал;Триллер;Гангстерский;Классика (до 2000 года);6.943;12273;The Real McCoy;5.5;4.3
Кровавый четверг;Криминал;Боевик (Экшен);Гангстерский;Классика (до 2000 года);7.851;15641;Thursday;7.1;5.1
Чужие здесь не ходят;Криминал;Триллер;Гангстерский;Современное кино (2000–2020);6.065;45543;;6;0
Схватка;Криминал;Боевик (Экшен);Полицейский;Классика (до 2000 года);8.04;571;Heat;8.3;7.9
Каждому свое;Криминал;Детектив;Гангстерский;Классика (до 2000 года);6.814;65146;A ciascuno il suo;7;0
Криминальное чтиво;Криминал;Комедия;Гангстерский;Классика (до 2000 года);8.655;342;Pulp Fiction;8.8;9.3
Тренировочный день;Криминал;Триллер;Полицейский;Современное кино (2000–2020);7.829;863;Training Day;7.8;6.5
Молодые копы;Криминал;Боевик (Экшен);Полицейский;Новинки (2020–2025);7.373;1042935;Cheongnyeongyeongchal;7.3;7.9
Зной;Криминал;Боевик (Экшен);Гангстерский;Новинки (2020–2025);4.897;648775;Swelter;4.5;0
Прирожденные убийцы;Криминал;Триллер;Другое;Классика (до 2000 года);7.425;1065;Natural Born Killers;7.2;5.9
Скорость: Автобус 657;Криминал;Боевик (Экшен);Финансовые махинации;Современное кино (2000–2020);6.625;807377;Heist;6.1;4.9
Решение о ликвидации;Криминал;Триллер;Полицейский;Новинки (2020–2025);6.198;1118194;;5.6;0
Эмпайр Стэйт;Криминал;Боевик (Экшен);Гангстерский;Современное кино (2000–2020);5.284;660619;Empire State;5.2;0
4.3.2.1;Криминал;Боевик (Экшен);Гангстерский;Современное кино (2000–2020);6.321;474776;4.3.2.1;5.8;4.7
Конвоиры;Криминал;Драма;Тюремные драмы;Новинки (2020–2025);6.775;11486;Chasers;5.2;4.1
Благородный грабитель;Криминал;Комедия;Финансовые махинации;Классика (до 2000 года);6.164;623778;Michael Kohlhaas;6.1;5.2
Траффик;Криминал;Драма;Полицейский;Современное кино (2000–2020);7.157;499;Traffic;7.5;8.1
Брат 2;Криминал;Боевик (Экшен);Гангстерский;Современное кино (2000–2020);8.274;41520;;7.6;0
13;Криминал;Триллер;Гангстерский;Современное кино (2000–2020);6.848;255394;13;6;3.8
Король вне закона;Криминал;Драма;Гангстерский;Современное кино (2000–2020);6.889;1045725;Outlaw King;6.9;6.2
Эскобар;Криминал;Биографический;Гангстерский;Современное кино (2000–2020);6.646;929885;Loving Pablo;6.4;5
Максимальный срок;Криминал;Драма;Тюремные драмы;Современное кино (2000–2020);4.905;651081;Maximum Conviction;4.7;0
Несколько хороших парней;Криминал;Драма;Гангстерский;Классика (до 2000 года);7.837;1588;A Few Good Men;7.7;7.1
Город принял;Криминал;Боевик (Экшен);Гангстерский;Современное кино (2000–2020);6.655;44572;;5.9;0
Полицейский из Беверли-Хиллз;Криминал;Боевик (Экшен);Полицейский;Классика (до 2000 года);7.636;2318;Beverly Hills Cop;7.4;7.2
Час расплаты;Криминал;Боевик (Экшен);Гангстерский;Классика (до 2000 года);7.043;8085;Paycheck;6.3;4.7
Ограбление по-французски;Криминал;Детектив;Финансовые махинации;Классика (до 2000 года);7.181;4902;Crime Spree;6.4;5.2
Киллер Джо;Криминал;Драма;Гангстерский;Современное кино (2000–2020);6.44;568374;Killer Joe;6.7;7
Номер 44;Криминал;Детектив;Тюремные драмы;Новинки (2020–2025);5.595;736204;Child 44;6.4;4.9
Подбросы;Криминал;Драма;Полицейский;Современное кино (2000–2020);5.976;1049775;;6.2;0
Грязный Гарри;Криминал;Боевик (Экшен);Полицейский;Классика (до 2000 года);7.52;10857;Dirty Harry;7.7;7.8
На несколько долларов больше;Криминал;Боевик (Экшен);Гангстерский;Классика (до 2000 года);8.144;8190;Per qualche dollaro in più;8.2;8.1
Счастливое число Слевина;Криминал;Детектив;Гангстерский;Современное кино (2000–2020);8.15;86326;Lucky Number Slevin;7.7;6
48 часов;Криминал;Боевик (Экшен);Полицейский;Классика (до 2000 года);7.049;4453068;;0;0
Шальные деньги;Криминал;Комедия;Финансовые махинации;Классика (до 2000 года);6.847;278186;Mad Money;5.9;4.5
Криминальный город;Криминал;Боевик (Экшен);Полицейский;Современное кино (2000–2020);7.332;1045942;Beomjoe dosi;7.2;7.2
Совершенный мир;Криминал;Драма;Полицейский;Классика (до 2000 года);7.95;8178;A Perfect World;7.5;7.3
Гангста Love;Криминал;Мелодрама;Гангстерский;Новинки (2020–2025);6.42;714718;Rob the Mob;6.3;6.8
Кровь за кровь;Криминал;Боевик (Экшен);Гангстерский;Новинки (2020–2025);7.249;86314;Four Brothers;6.8;5.7
Оружейный барон;Криминал;Биографический;Финансовые махинации;Современное кино (2000–2020);7.739;77439;Lord of War;7.6;6.3
Армия воров;Криминал;Комедия;Финансовые махинации;Новинки (2020–2025);6.415;1403664;Army of Thieves;6.4;6
Белый парень Рик;Криминал;Биографический;Гангстерский;Современное кино (2000–2020);6.67;1030157;White Boy Rick;6.5;6.1
Уик-энд;Криминал;Боевик (Экшен);Гангстерский;Современное кино (2000–2020);7.353;575005;Weekend;7.6;8.1
Майкл Клейтон;Криминал;Драма;Финансовые махинации;Современное кино (2000–2020);6.713;104945;Michael Clayton;7.2;7.6
Группа 7;Криминал;Боевик (Экшен);Полицейский;Современное кино (2000–2020);6.154;590799;Grupo 7;6.5;0
Стрингер;Криминал;Боевик (Экшен);Гангстерский;Новинки (2020–2025);7.353;760815;Nightcrawler;7.8;8.3
Город грехов;Криминал;Боевик (Экшен);Гангстерский;Современное кино (2000–2020);7.867;77443;Sin City;8;7.4
Бравые парни;Криминал;Драма;Гангстерский;Классика (до 2000 года);4.457;113185;;3.9;0
Ментовские войны — Эпилог;Криминал;Драма;Полицейский;Современное кино (2000–2020);7.746;426997;;0;0
Бонни и Клайд;Криминал;Биографический;Гангстерский;Классика (до 2000 года);7.695;516;Bonnie and Clyde;7.7;8.4
Афера Томаса Крауна;Криминал;Детектив;Финансовые махинации;Классика (до 2000 года);7.697;12819;The Thomas Crown Affair;6.9;6.4
Бруклинские полицейские;Криминал;Боевик (Экшен);Полицейский;Современное кино (2000–2020);6.768;409241;Brooklyn's Finest;6.7;5.5
Мажор в Сочи;Криминал;Боевик (Экшен);Полицейский;Новинки (2020–2025);7.177;5078983;;0;0
Договор молчания;Криминал;Драма;Гангстерский;Новинки (2020–2025);6.509;1256891;The Silencing;6.3;5
Тюремный романс;Криминал;Мелодрама;Тюремные драмы;Новинки (2020–2025);6.618;279826;;5.7;0
Игры джентльменов;Криминал;Комедия;Гангстерский;Современное кино (2000–2020);6.952;2885;The Ladykillers;6.2;6.1
Донни Браско;Криминал;Биографический;Полицейский;Классика (до 2000 года);7.8;3984;Donnie Brasco;7.7;7.7
Волки;Криминал;Боевик (Экшен);Гангстерский;Современное кино (2000–2020);6.892;532834;;6.2;0
Сицилийский клан;Криминал;Драма;Гангстерский;Классика (до 2000 года);7.519;79673;Le clan des Siciliens;7.4;0
Бешеные псы;Криминал;Триллер;Гангстерский;Классика (до 2000 года);8.114;394;Reservoir Dogs;8.3;8.9
Холодный расчет;Криминал;Боевик (Экшен);Финансовые махинации;Новинки (2020–2025);5.861;1320744;The Card Counter;6.2;7.5
Ограбление по-джентльменски;Криминал;Комедия;Гангстерский;Современное кино (2000–2020);6.247;956189;The Misfits;4.5;3.4
Крестный отец 3;Криминал;Драма;Гангстерский;Классика (до 2000 года);7.914;4500;The Godfather: Part III;7.6;6.4
Почтальон всегда звонит дважды;Криминал;Драма;Другое;Классика (до 2000 года);7.141;2709;The Postman Always Rings Twice;6.6;6.6
История одного преступления;Криминал;Детектив;Полицейский;Новинки (2020–2025);8.007;227405;;7.1;0
Крестная мать;Криминал;Драма;Гангстерский;Новинки (2020–2025);7.855;81341;Bella Mafia;6.8;0
Из жизни начальника уголовного розыска;Криминал;Детектив;Полицейский;Классика (до 2000 года);7.203;42673;;6.2;0
Соучастник;Криминал;Детектив;Полицейский;Новинки (2020–2025);7.454;61325;Collateral;7.5;7.5
Полицейский из Беверли-Хиллз 3;Криминал;Боевик (Экшен);Полицейский;Классика (до 2000 года);6.937;5279;Beverly Hills Cop III;5.5;3.9
Катала;Криминал;Драма;Финансовые махинации;Новинки (2020–2025);6.727;44732;;6.2;0
Бум 2;Криминал;Боевик (Экшен);Гангстерский;Современное кино (2000–2020);8.113;15088;La boum 2;6.2;0
Убрать Картера;Криминал;Триллер;Гангстерский;Классика (до 2000 года);6.016;3603;Get Carter;5.2;3.7
Заводила;Криминал;Драма;Гангстерский;Новинки (2020–2025);7.166;4343;Kingpin;6.9;5.7
Советник;Криминал;Триллер;Гангстерский;Современное кино (2000–2020);5.583;662834;The Counselor;5.4;5
Город бога;Криминал;Драма;Гангстерский;Современное кино (2000–2020);8.011;439;Cidade de Deus;8.6;8.3
Приступить к ликвидации;Криминал;Драма;Полицейский;Современное кино (2000–2020);7.476;43271;;6.6;0
Охотник с Уолл-стрит;Криминал;Биографический;Финансовые махинации;Современное кино (2000–2020);7.177;568373;A Family Man;6.5;4.1
Пророк;Криминал;Драма;Тюремные драмы;Современное кино (2000–2020);7.102;87789;Next;6.2;4.6
Вдовы;Криминал;Триллер;Гангстерский;Современное кино (2000–2020);6.317;965901;Widows;6.8;8.1
Возмещение ущерба;Криминал;Триллер;Тюремные драмы;Современное кино (2000–2020);6.215;4031;Collateral Damage;5.5;4
Бумер. Фильм второй;Криминал;Боевик (Экшен);Гангстерский;Современное кино (2000–2020);6.169;79883;;6.1;0
Соловей-разбойник;Криминал;Боевик (Экшен);Гангстерский;Новинки (2020–2025);5.708;468195;;5.2;0
Виктория;Криминал;Боевик (Экшен);Гангстерский;Современное кино (2000–2020);7.375;1438350;;0;0
Неограненные алмазы;Криминал;Триллер;Финансовые махинации;Современное кино (2000–2020);7.18;1076152;Uncut Gems;7.4;8.4
Особо тяжкие преступления;Криминал;Боевик (Экшен);Полицейский;Классика (до 2000 года);7.102;697;High Crimes;6.4;5
Город на границе;Криминал;Боевик (Экшен);Полицейский;Новинки (2020–2025);6.819;102133;Bordertown;6;7
Крутой парень;Криминал;Драма;Тюремные драмы;Классика (до 2000 года);6.991;3885;The New Guy;5.8;3.3
Решала. Нулевые;Криминал;Боевик (Экшен);Гангстерский;Новинки (2020–2025);6.767;1280515;;5.9;0
Побег из Претории;Криминал;Биографический;Тюремные драмы;Новинки (2020–2025);7.193;1055528;Escape from Pretoria;6.8;6.4
Соучастники;Криминал;Биографический;Финансовые махинации;Классика (до 2000 года);7.164;43930;;6.8;0
21 мост;Криминал;Боевик (Экшен);Полицейский;Современное кино (2000–2020);7.028;1174226;21 Bridges;6.7;5.5
Серпико;Криминал;Драма;Полицейский;Классика (до 2000 года);7.815;2821;Serpico;7.7;8.1
Самый жестокий год;Криминал;Драма;Финансовые махинации;Современное кино (2000–2020);6.578;765147;A Most Violent Year;6.9;7.8
Красный круг;Криминал;Триллер;Гангстерский;Классика (до 2000 года);7.798;79507;Le cercle rouge;7.9;8.3
Финансовый монстр;Криминал;Триллер;Финансовые махинации;Современное кино (2000–2020);6.707;667291;Money Monster;6.5;6
По прозвищу «Чистильщик»;Криминал;Боевик (Экшен);Гангстерский;Новинки (2020–2025);5.581;104929;Code Name: The Cleaner;4.6;3.1
Отчаянные аферистки;Криминал;Комедия;Финансовые махинации;Современное кино (2000–2020);6.4;1263450;Queenpins;6.4;5.5
Драйвер на ночь;Криминал;Боевик (Экшен);Гангстерский;Современное кино (2000–2020);6.391;717025;Stretch;6.5;6.5
Империя волков;Криминал;Детектив;Полицейский;Современное кино (2000–2020);6.622;77574;L'empire des loups;5.8;5.2
БУМЕРанг;Криминал;Боевик (Экшен);Гангстерский;Современное кино (2000–2020);5.823;1115468;;0;0
Очень плохие девчонки;Криминал;Комедия;Гангстерский;Современное кино (2000–2020);5.672;975912;Rough Night;5.2;5.3
Брат;Криминал;Боевик (Экшен);Гангстерский;Классика (до 2000 года);8.355;41519;;7.8;7.6
Ограбление по-американски;Криминал;Боевик (Экшен);Гангстерский;Современное кино (2000–2020);5.926;762884;American Heist;5;3.6
Самый пьяный округ в мире;Криминал;Драма;Гангстерский;Современное кино (2000–2020);7.462;461972;Lawless;7.2;6.5
Всадник по имени Смерть;Криминал;Триллер;Гангстерский;Современное кино (2000–2020);6.36;79928;;6.3;6
