Любовь по правилам и без,Мелодрама,Комедия,Романтическая страсть,Новинки (2020–2025),6.1
Любовь по правилам и без,Мелодрама,Комедия,Романтическая страсть,Новинки (2020–2025),7.201,2953,Something's Gotta Give,6.7,6.6
Распутник,Мелодрама,Биографический,Романтическая страсть,Современное кино (2000–2020),7.138,47081,The Libertine,6.2,4.8
Ты у меня одна,Мелодрама,Комедия,Семейная драма,Новинки (2020–2025),8.019,40804,,7.1,0
Любовь с первого взгляда,Мелодрама,Комедия,Романтическая страсть,Новинки (2020–2025),6.641,687266,Two Night Stand,6.3,4.9
Идеальный муж,Мелодрама,Исторический,Историческая любовь,Классика (до 2000 года),7.322,5559,An Ideal Husband,6.8,7.3
Бесконечная любовь,Мелодрама,Драма,Романтическая страсть,Современное кино (2000–2020),7.162,1043818,Sonsuz Ask,6.1,0
Рецепт ее молодости,Мелодрама,Фэнтези,Романтическая страсть,Новинки (2020–2025),6.777,42089,,5.5,0
Мгновения Нью-Йорка,Мелодрама,Комедия,Романтическая страсть,Современное кино (2000–2020),6.764,32034,New York Minute,5,3.8
Вечность между нами,Мелодрама,Драма,Романтическая страсть,Новинки (2020–2025),6.399,995075,Endless,5,4.6
Пятьдесят оттенков серого,Мелодрама,Драма,Романтическая страсть,Современное кино (2000–2020),4.419,688832,Fifty Shades of Grey,4.2,4.3
Крепостная актриса,Мелодрама,Исторический,Историческая любовь,Современное кино (2000–2020),6.927,44975,,6.5,0
Ты встретишь таинственного незнакомца,Мелодрама,Детектив,Романтическая страсть,Современное кино (2000–2020),6.415,447378,You Will Meet a Tall Dark Stranger,6.3,5.4
Петербург. Только по любви,Мелодрама,Драма,Романтическая страсть,Современное кино (2000–2020),6.405,930797,,5.9,0
Звезда пленительного счастья,Мелодрама,Исторический,Историческая любовь,Классика (до 2000 года),8.137,45413,,7.3,0
Дневник горничной,Мелодрама,Исторический,Романтическая страсть,Современное кино (2000–2020),5.156,739099,Journal d'une femme de chambre,5.5,6
Порочные игры,Мелодрама,Триллер,Романтическая страсть,Новинки (2020–2025),6.877,535254,Stoker,6.7,6.7
В стране женщин,Мелодрама,Драма,Романтическая страсть,Современное кино (2000–2020),7.116,81540,In the Land of Women,6.4,5.4
Еще одна история о Золушке,Мелодрама,Комедия,Романтическая страсть,Современное кино (2000–2020),6.438,397493,Another Cinderella Story,5.8,0
Только ты,Мелодрама,Комедия,Романтическая страсть,Современное кино (2000–2020),7.178,592329,,0,0
Скажи ей,Мелодрама,Драма,Романтическая страсть,Современное кино (2000–2020),7.326,1281999,,0,0
Вестсайдская история,Мелодрама,Криминал,Трагический выбор,Классика (до 2000 года),6.69,839653,West Side Story,7.1,8.2
Три метра над небом,Мелодрама,Драма,Романтическая страсть,Современное кино (2000–2020),6.874,64994,Tre metri sopra il cielo,5.1,0
Три метра над небом,Мелодрама,Драма,Романтическая страсть,Современное кино (2000–2020),6.874,64994,Tre metri sopra il cielo,5.1,0
Анжелика и султан,Мелодрама,Исторический,Историческая любовь,Классика (до 2000 года),8.011,77357,Angélique et le sultan,6.3,0
Любовь и предательство,Мелодрама,Драма,Трагический выбор,Новинки (2020–2025),8.355,61719,Baghban,7.4,0
Старый знакомый,Мелодрама,Драма,Семейная драма,Классика (до 2000 года),6.208,43988,,5.7,0
Если только...,Мелодрама,Фантастика,Романтическая страсть,Классика (до 2000 года),7.606,23275,If Only,7,4.8
Любовь под прикрытием,Мелодрама,Комедия,Романтическая страсть,Новинки (2020–2025),7.021,478756,,6.6,0
Непристойное предложение,Мелодрама,Драма,Романтическая страсть,Классика (до 2000 года),7.489,4346,Indecent Proposal,6,4.8
La Bohème,Мелодрама,Исторический,Историческая любовь,Классика (до 2000 года),7.947,402086,La Bohème,7.2,0
Подари мне немного тепла,Мелодрама,Драма,Романтическая страсть,Новинки (2020–2025),6.06,777805,,0,0
В зоне доступа любви,Мелодрама,Комедия,Романтическая страсть,Новинки (2020–2025),5.533,1007877,,0,0
Полцарства за любовь,Мелодрама,Фэнтези,Романтическая страсть,Новинки (2020–2025),6.426,843836,,0,0
5 дней в августе,Мелодрама,Драма,Романтическая страсть,Современное кино (2000–2020),1.62,479701,5 Days of War,5.6,4.6
Человек со звезды,Мелодрама,Фантастика,Романтическая страсть,Современное кино (2000–2020),8.154,809154,Byeoleseo on geudae,8.2,0
Любовь из пробирки,Мелодрама,Комедия,Романтическая страсть,Новинки (2020–2025),5.972,758003,,0,0
Подмосковные вечера,Мелодрама,Драма,Романтическая страсть,Классика (до 2000 года),6.947,41231,,6.3,0
С тобой и без тебя,Мелодрама,Драма,Романтическая страсть,Новинки (2020–2025),7.13,43573,,6.2,0
Лучшее предложение,Мелодрама,Детектив,Трагический выбор,Современное кино (2000–2020),8.053,681849,La migliore offerta,7.8,5.9
Когда цветет сирень,Мелодрама,Военный,Историческая любовь,Классика (до 2000 года),5.989,532840,,0,0
Химические сердца,Мелодрама,Драма,Романтическая страсть,Новинки (2020–2025),6.015,1272735,Chemical Hearts,6.3,5.7
Большая любовь,Мелодрама,Комедия,Романтическая страсть,Современное кино (2000–2020),7.201,277536,Big Love,7.7,0
Любовь по правилам и без,Мелодрама,Комедия,Романтическая страсть,Новинки (2020–2025),6.1
Гранатовый браслет,Мелодрама,Исторический,Трагический выбор,Классика (до 2000 года),6.877,44601,,6.6,0
Джейн Эйр,Мелодрама,Исторический,Историческая любовь,Современное кино (2000–2020),7.416,463437,Jane Eyre,7.3,7.4
Ангел,Мелодрама,Исторический,Историческая любовь,Современное кино (2000–2020),6.605,1064391,El ángel,6.9,6.5
Чужая,Мелодрама,Драма,Романтическая страсть,Новинки (2020–2025),6.677,491889,,6.4,4.1
Любовь без пересадок,Мелодрама,Драма,Трагический выбор,Новинки (2020–2025),6.936,694860,Amour & turbulences,6.3,5.6
Куда уходит любовь,Мелодрама,Драма,Романтическая страсть,Современное кино (2000–2020),6.384,837658,,0,0
Разрешите тебя поцеловать... снова,Мелодрама,Комедия,Романтическая страсть,Новинки (2020–2025),6.469,581283,,5.4,0
Унесенные ветром,Мелодрама,Исторический,Историческая любовь,Классика (до 2000 года),5.833,576010,,0,0
Мой единственный,Мелодрама,Драма,Романтическая страсть,Новинки (2020–2025),7.116,432549,My One and Only,6.5,6.2
Возьми меня штурмом,Мелодрама,Драма,Романтическая страсть,Современное кино (2000–2020),6.06,980357,Raid dingue,5.6,0
Горбатая гора,Мелодрама,Драма,Романтическая страсть,Современное кино (2000–2020),7.604,77647,Brokeback Mountain,7.7,8.2
Если любишь — прости,Мелодрама,Драма,Романтическая страсть,Новинки (2020–2025),5.716,891353,,7.8,0
Сибирь. Монамур,Мелодрама,Драма,Романтическая страсть,Современное кино (2000–2020),7.662,573200,,7.6,0
Земля Эльзы,Мелодрама,Комедия,Романтическая страсть,Современное кино (2000–2020),7.255,1405665,,7.2,0
Зимняя вишня 2,Мелодрама,Драма,Семейная драма,Классика (до 2000 года),6.373,45357,,5.4,0
Яркая звезда,Мелодрама,Биографический,Историческая любовь,Современное кино (2000–2020),7.201,280905,Bright Star,6.9,7.3
Анна Каренина. История Вронского,Мелодрама,Исторический,Историческая любовь,Современное кино (2000–2020),5.689,953411,,6.4,0
Безумный Пьеро,Мелодрама,Криминал,Романтическая страсть,Классика (до 2000 года),7.576,38293,Pierrot le fou,7.4,8.2
Валентин и Валентина,Мелодрама,Драма,Романтическая страсть,Классика (до 2000 года),7.257,45654,,6.4,0
Двойная жизнь Чарли Сан-Клауда,Мелодрама,Фэнтези,Романтическая страсть,Современное кино (2000–2020),7.54,469582,Charlie St. Cloud,6.4,4.6
Некрасивая Любовь,Мелодрама,Драма,Романтическая страсть,Новинки (2020–2025),6.156,932492,,0,0
Время счастья,Мелодрама,Исторический,Семейная драма,Классика (до 2000 года),6.93,1049823,Mutluluk Zamani,5.9,0
Бумажные города,Мелодрама,Детектив,Романтическая страсть,Современное кино (2000–2020),6.119,841572,Paper Towns,6.2,5.8
Спеши любить,Мелодрама,Комедия,Романтическая страсть,Новинки (2020–2025),7.917,875,A Walk to Remember,7.3,4.2
Прости за любовь,Мелодрама,Комедия,Романтическая страсть,Новинки (2020–2025),7.645,390738,Scusa ma ti chiamo amore,6.1,0
Влюбиться в невесту брата,Мелодрама,Комедия,Романтическая страсть,Новинки (2020–2025),6.674,196661,Dan in Real Life,6.8,6.3
Под солнцем Тосканы,Мелодрама,Драма,Романтическая страсть,Современное кино (2000–2020),7.405,8035,Under the Tuscan Sun,6.7,6.2
Романс Х,Мелодрама,Драма,Романтическая страсть,Новинки (2020–2025),5.205,63889,Romance,5.2,5.3
Будь со мной,Мелодрама,Драма,Романтическая страсть,Новинки (2020–2025),6.733,469214,,5.9,0
После. Глава 2,Мелодрама,Драма,Романтическая страсть,Новинки (2020–2025),6.216,1281638,After We Collided,5.1,4
Мое прекрасное лето с Софи,Мелодрама,Драма,Романтическая страсть,Новинки (2020–2025),5.682,1232409,Une fille facile,5.6,7.3
Американский жиголо,Мелодрама,Драма,Романтическая страсть,Классика (до 2000 года),6.583,11907,American Gigolo,6.3,6.8
Любовь случается,Мелодрама,Комедия,Романтическая страсть,Современное кино (2000–2020),6.174,373146,Love Happens,5.7,3.8
Все радостные места,Мелодрама,Драма,Трагический выбор,Новинки (2020–2025),6.384,894972,All the Bright Places,6.6,0
Питер FM,Мелодрама,Комедия,Романтическая страсть,Современное кино (2000–2020),7.144,252063,,7,0
Танцуй отсюда!,Мелодрама,Драма,Романтическая страсть,Современное кино (2000–2020),6.761,680345,Cuban Fury,6.2,5.5
Двойная жизнь Камиллы,Мелодрама,Драма,Романтическая страсть,Классика (до 2000 года),5.997,668444,Camille redouble,6.3,5.3
Офицер и джентльмен,Мелодрама,Военный,Романтическая страсть,Классика (до 2000 года),7.172,4699,An Officer and a Gentleman,7.1,7.5
Портрет жены художника,Мелодрама,Драма,Романтическая страсть,Новинки (2020–2025),6.764,43132,,6.5,0
Навеки твоя,Мелодрама,Драма,Романтическая страсть,Новинки (2020–2025),8.04,64540,Hum Dil De Chuke Sanam,7.4,7.5
Первый троллейбус,Мелодрама,Исторический,Романтическая страсть,Классика (до 2000 года),7.359,42950,,6.7,0
Жила-была любовь,Мелодрама,Драма,Романтическая страсть,Современное кино (2000–2020),6.005,661239,,0,0
Любовь на кончиках пальцев,Мелодрама,Комедия,Романтическая страсть,Новинки (2020–2025),7.209,629974,Populaire,6.8,6.6
Лучшее во мне,Мелодрама,Драма,Романтическая страсть,Современное кино (2000–2020),7.281,596362,The Best of Me,6.7,3.7
Последняя любовь мистера Моргана,Мелодрама,Драма,Романтическая страсть,Современное кино (2000–2020),7.027,580180,Mr. Morgan's Last Love,6.7,4.8
Шанхайский экспресс,Мелодрама,Приключения,Романтическая страсть,Классика (до 2000 года),7.082,14033,Shanghai Express,7.3,8.2
От сердца к сердцу,Мелодрама,Драма,Романтическая страсть,Новинки (2020–2025),6.864,569786,,7.2,0
Любимый раджа,Мелодрама,Боевик (Экшен),Романтическая страсть,Классика (до 2000 года),7.209,224983,Raja Jani,6.5,0
"Всем парням, которых я любила",Мелодрама,Комедия,Романтическая страсть,Современное кино (2000–2020),7.045,1047400,To All the Boys I've Loved Before,7,7.3
Уже скучаю по тебе,Мелодрама,Драма,Романтическая страсть,Новинки (2020–2025),7.182,667863,Miss You Already,6.8,6
Я рядом с тобой!,Мелодрама,Драма,Романтическая страсть,Новинки (2020–2025),8.135,68233,Main Hoon Na,7.1,6.9
Сладкий ноябрь,Мелодрама,Драма,Трагический выбор,Современное кино (2000–2020),7.738,3795,Sweet November,6.7,3.6
Жестокие игры,Мелодрама,Драма,Романтическая страсть,Классика (до 2000 года),7.842,12192,Cruel Intentions,6.8,5.3
Красотка,Мелодрама,Комедия,Романтическая страсть,Классика (до 2000 года),8.029,8125,Pretty Woman,7.1,5.9
Неотправленное письмо,Мелодрама,Драма,Романтическая страсть,Современное кино (2000–2020),7.74,46400,,7.8,7.7
Любовь на острове,Мелодрама,Комедия,Романтическая страсть,Новинки (2020–2025),6.078,81826,Love Wrecked,4.9,4.4
Любовная лихорадка,Мелодрама,Комедия,Романтическая страсть,Современное кино (2000–2020),7.259,61272,A Love Song for Bobby Long,7.1,5.5
Музыка нас связала,Мелодрама,Комедия,Романтическая страсть,Новинки (2020–2025),7.006,531075,You Instead,6.5,4.7
М+Ж (Я Люблю Тебя),Мелодрама,Комедия,Романтическая страсть,Новинки (2020–2025),6.85,861675,Danna ga Nani wo Itteiru ka Wakaranai Ken,6.7,0
Неверная,Мелодрама,Драма,Романтическая страсть,Современное кино (2000–2020),7.356,869,Unfaithful,6.7,5.8
Шери,Мелодрама,Исторический,Историческая любовь,Современное кино (2000–2020),6.797,404230,Chéri,6.1,5.7
Ускользающая жизнь,Мелодрама,Драма,Трагический выбор,Современное кино (2000–2020),6.892,1162500,,0,0
Цена страсти,Мелодрама,Драма,Романтическая страсть,Новинки (2020–2025),7.181,484621,The Ledge,6.5,4.2
Начни сначала,Мелодрама,Комедия,Романтическая страсть,Современное кино (2000–2020),6.639,652758,Second Act,5.8,5.1
С 5 до 7. Время любовников,Мелодрама,Комедия,Романтическая страсть,Современное кино (2000–2020),7.006,714846,5 to 7,7.1,5.8
Тариф на любовь,Мелодрама,Комедия,Романтическая страсть,Новинки (2020–2025),6.299,280193,,0,0
Slove. Прямо в сердце,Мелодрама,Драма,Трагический выбор,Новинки (2020–2025),3.801,566743,,3.5,0
Неудовлетворенное сексуальное напряжение,Мелодрама,Драма,Романтическая страсть,Современное кино (2000–2020),6.732,493953,Tensión sexual no resuelta,5.5,0
До встречи с тобой,Мелодрама,Драма,Трагический выбор,Современное кино (2000–2020),7.295,807318,Me Before You,7.4,5.5
Белоснежка. Сказка для взрослых,Мелодрама,Фэнтези,Романтическая страсть,Новинки (2020–2025),5.225,1139965,Blanche comme neige,5.3,0
Любовь во время холеры,Мелодрама,Драма,Романтическая страсть,Современное кино (2000–2020),6.846,189649,Love in the Time of Cholera,6.4,4.7
Перекресток,Мелодрама,Комедия,Романтическая страсть,Современное кино (2000–2020),7.161,40903,,6.2,0
Завтрак у Тиффани,Мелодрама,Комедия,Романтическая страсть,Классика (до 2000 года),8.048,17721,Breakfast at Tiffany's,7.5,7.5
Есения,Мелодрама,Драма,Романтическая страсть,Классика (до 2000 года),7.897,63884,Yesenia,6.3,0
Кейт и Лео,Мелодрама,Фэнтези,Романтическая страсть,Современное кино (2000–2020),7.629,724,Kate & Leopold,6.4,5.4
Я никогда не буду твоей,Мелодрама,Драма,Романтическая страсть,Новинки (2020–2025),6.573,255322,I Could Never Be Your Woman,5.9,6
Вокзал для двоих,Мелодрама,Комедия,Романтическая страсть,Классика (до 2000 года),8.192,45822,,7.8,0
Французская сюита,Мелодрама,Военный,Историческая любовь,Современное кино (2000–2020),7.124,462152,Suite Française,7,5.9
Ярмарка тщеславия,Мелодрама,Исторический,Романтическая страсть,Современное кино (2000–2020),7.564,1162807,Vanity Fair,7.2,0
Любовный переплет,Мелодрама,Комедия,Романтическая страсть,Новинки (2020–2025),6.195,463418,The Oranges,5.8,4.9
Сад изящных слов,Мелодрама,Драма,Романтическая страсть,Современное кино (2000–2020),7.921,730665,Koto no ha no niwa,7.4,9
Цена измены,Мелодрама,Драма,Трагический выбор,Новинки (2020–2025),7.502,81516,Derailed,6.6,4.7
Две истории о любви,Мелодрама,Драма,Романтическая страсть,Современное кино (2000–2020),6.166,472349,,0,0
Студентка по вызову,Мелодрама,Драма,Романтическая страсть,Новинки (2020–2025),5.879,497048,Mes chères études,6,0
Любовь на два полюса,Мелодрама,Комедия,Романтическая страсть,Новинки (2020–2025),6.443,660997,,4.9,0
Любовь и кухня,Мелодрама,Комедия,Романтическая страсть,Новинки (2020–2025),5.853,477742,Love's Kitchen,5.3,3.5
Титаник,Мелодрама,Исторический,Романтическая страсть,Классика (до 2000 года),8.387,2213,Titanic,7.9,8.1
Путь к сердцу мужчины,Мелодрама,Комедия,Романтическая страсть,Новинки (2020–2025),5.977,799353,,0,0
Леди,Мелодрама,Драма,Романтическая страсть,Новинки (2020–2025),7.07,574315,The Lady,7,5.2
Грязные танцы,Мелодрама,Драма,Романтическая страсть,Классика (до 2000 года),8.057,1996,Dirty Dancing,7.1,6.4
Иллюзия любви,Мелодрама,Драма,Романтическая страсть,Новинки (2020–2025),6.79,862939,Mal de pierres,6.6,4.7
Каждый вечер в одиннадцать,Мелодрама,Драма,Романтическая страсть,Классика (до 2000 года),7.795,44753,,7.3,0
Ангел А,Мелодрама,Фантастика,Романтическая страсть,Современное кино (2000–2020),7.793,160929,Angel-A,7,0
И целого мира мало,Мелодрама,Драма,Романтическая страсть,Новинки (2020–2025),7.027,6585,The World Is Not Enough,6.4,5.6
Любовь между строк,Мелодрама,Комедия,Романтическая страсть,Новинки (2020–2025),7.131,1150547,Gut gegen Nordwind,6.6,0
Французский поцелуй,Мелодрама,Комедия,Романтическая страсть,Классика (до 2000 года),7.642,9249,French Kiss,6.6,5.6
Внутри моей памяти,Мелодрама,Семейный,Семейная драма,Новинки (2020–2025),6.6,20954,The I Inside,6,5.3
Начать сначала,Мелодрама,Комедия,Романтическая страсть,Современное кино (2000–2020),6.299,2000101,,0,0
Душа моя,Мелодрама,Драма,Романтическая страсть,Новинки (2020–2025),7.766,86619,Jaanoo,5.2,0
Осенние сны,Мелодрама,Драма,Романтическая страсть,Современное кино (2000–2020),8.268,42802,,6.1,0
Спешите любить,Мелодрама,Драма,Романтическая страсть,Новинки (2020–2025),6.618,841927,,6.7,0
Американский президент,Мелодрама,Комедия,Романтическая страсть,Классика (до 2000 года),6.788,1586,The American President,6.8,7
Гордость и предубеждение,Мелодрама,Исторический,Романтическая страсть,Современное кино (2000–2020),8.151,81733,Pride & Prejudice,7.8,7.7
Глаза ангела,Мелодрама,Драма,Романтическая страсть,Современное кино (2000–2020),6.83,4906,Angel Eyes,5.7,4.8
Не покидай...,Мелодрама,Драма,Романтическая страсть,Новинки (2020–2025),7.372,769244,,6.4,0
Разомкнутые объятия,Мелодрама,Детектив,Романтическая страсть,Современное кино (2000–2020),7.399,402567,Los abrazos rotos,7.2,7
Тропой бескорыстной любви,Мелодрама,Семейный,Семейная драма,Новинки (2020–2025),8.281,42323,,7.7,0
Любовь с риском для жизни,Мелодрама,Комедия,Романтическая страсть,Новинки (2020–2025),7.032,521801,La chance de ma vie,6.1,0
Благородный разбойник Владимир Дубровский,Мелодрама,Исторический,Историческая любовь,Классика (до 2000 года),7.658,46142,,6.8,0
Наконец в безопасности,Мелодрама,Драма,Романтическая страсть,Современное кино (2000–2020),7.968,76976,Safety Last!,8.1,8.8
После. Глава 3,Мелодрама,Драма,Романтическая страсть,Новинки (2020–2025),6.135,1406473,After We Fell,4.8,3.5
Дневник памяти,Мелодрама,Драма,Романтическая страсть,Современное кино (2000–2020),8.252,3561,The Notebook,7.8,5.7
Влюбленный Шекспир,Мелодрама,Биографический,Романтическая страсть,Классика (до 2000 года),7.407,7662,Shakespeare in Love,7.1,8.3
Любовь и Роман,Мелодрама,Драма,Романтическая страсть,Современное кино (2000–2020),5.697,851913,,0,0
Не надо бояться любить,Мелодрама,Комедия,Романтическая страсть,Новинки (2020–2025),7.812,94805,Pyaar Kiya To Darna Kya,6.6,0
Домик в сердце,Мелодрама,Семейный,Семейная драма,Новинки (2020–2025),6.43,797620,,6.2,0
Любовь похожа на тебя,Мелодрама,Драма,Романтическая страсть,Современное кино (2000–2020),6.758,843070,Aşk Sana Benzer,3.7,0
Предчувствие любви,Мелодрама,Драма,Романтическая страсть,Новинки (2020–2025),5.915,678923,Presentimientos,5.7,0
Сангам,Мелодрама,Драма,Романтическая страсть,Классика (до 2000 года),7.587,39729,Sangam,7.3,0
Касабланка,Мелодрама,Военный,Романтическая страсть,Классика (до 2000 года),8.034,330,Casablanca,8.5,9.5
Красавица для чудовища,Мелодрама,Фэнтези,Романтическая страсть,Современное кино (2000–2020),6.674,881612,Mary Shelley,6.4,5.6
Мое сердце - для тебя!,Мелодрама,Драма,Романтическая страсть,Новинки (2020–2025),7.578,64080,Hamara Dil Aapke Paas Hai,5.5,0
Москва никогда не спит,Мелодрама,Драма,Романтическая страсть,Современное кино (2000–2020),5.542,723104,,5.5,6.8
Бегущая по волнам,Мелодрама,Фантастика,Романтическая страсть,Классика (до 2000 года),6.688,46054,,6.4,0
Любить по-русски 3: Губернатор,Мелодрама,Комедия,Романтическая страсть,Современное кино (2000–2020),5.307,94081,,4.4,0
Осень в Нью-Йорке,Мелодрама,Драма,Романтическая страсть,Современное кино (2000–2020),7.326,16953,Autumn in New York,5.6,4.3
Тайная прогулка,Мелодрама,Драма,Романтическая страсть,Новинки (2020–2025),6.362,161179,,5.6,0
Осенний вальс,Мелодрама,Драма,Романтическая страсть,Современное кино (2000–2020),6.334,431052,,0,0
Покажи мне любовь,Мелодрама,Комедия,Романтическая страсть,Классика (до 2000 года),6.957,64178,Fucking Åmål,7.5,7.5
Шелк,Мелодрама,Исторический,Историческая любовь,Современное кино (2000–2020),6.265,251709,Silk,5.8,3.8
Смотри мою любовь,Мелодрама,Драма,Романтическая страсть,Новинки (2020–2025),6.416,1167854,,0,0
Всем парням: С любовью...,Мелодрама,Комедия,Романтическая страсть,Современное кино (2000–2020),6.714,1288319,To All the Boys: Always and Forever,6.3,6.7
В метре друг от друга,Мелодрама,Драма,Романтическая страсть,Современное кино (2000–2020),7.415,1151373,Five Feet Apart,7.2,5.7
Жертва во имя любви,Мелодрама,Драма,Трагический выбор,Современное кино (2000–2020),6.552,34959,Pyar Ke Naam Qurban,5.8,0
Жестокие игры 2: Манчестерская подготовка,Мелодрама,Драма,Романтическая страсть,Современное кино (2000–2020),5.168,81026,Cruel Intentions 2,4.4,3.7
Секреты секса и любви,Мелодрама,Комедия,Романтическая страсть,Современное кино (2000–2020),6.044,929167,Kiki, el amor se hace,6.4,5.8
Не хочу забывать,Мелодрама,Драма,Романтическая страсть,Новинки (2020–2025),8.011,105996,Nae meorisokui jiugae,8.1,0
Элизабеттаун,Мелодрама,Драма,Романтическая страсть,Современное кино (2000–2020),6.838,61238,Elizabethtown,6.3,4.7
Мои черничные ночи,Мелодрама,Драма,Романтическая страсть,Современное кино (2000–2020),7.134,256724,My Blueberry Nights,6.6,5.4
Из моего окна,Мелодрама,Драма,Романтическая страсть,Новинки (2020–2025),6.326,4442784,A través de mi ventana,5.5,0
Между нами горы,Мелодрама,Драма,Романтическая страсть,Новинки (2020–2025),6.845,667687,The Mountain Between Us,6.4,5.1
Версальский роман,Мелодрама,Исторический,Историческая любовь,Современное кино (2000–2020),6.918,732566,A Little Chaos,6.5,5.4
Любовь с уведомлением,Мелодрама,Комедия,Романтическая страсть,Современное кино (2000–2020),7.069,317,Two Weeks Notice,6.2,5.3
Невероятная любовь,Мелодрама,Комедия,Романтическая страсть,Новинки (2020–2025),7.277,400722,Kambakkht Ishq,3.8,0
Манхэттенская мелодрама,Мелодрама,Криминал,Трагический выбор,Классика (до 2000 года),7.308,15408,Manhattan Melodrama,7.1,7.1
После тебя,Мелодрама,Драма,Трагический выбор,Современное кино (2000–2020),6.953,933778,,6,0
Любовь в СССР,Мелодрама,Исторический,Романтическая страсть,Новинки (2020–2025),5.436,730475,,5.4,0
Поцелуй,Мелодрама,Фэнтези,Романтическая страсть,Новинки (2020–2025),6.964,4699410,Kysset,6.5,0
Вспоминая моих печальных шлюх,Мелодрама,Драма,Романтическая страсть,Современное кино (2000–2020),5.978,620992,Memoria de mis putas tristes,5.8,0
Дела сердечные,Мелодрама,Комедия,Романтическая страсть,Современное кино (2000–2020),7.099,894431,Ae Dil Hai Mushkil,5.9,0
Принцесса специй,Мелодрама,Фэнтези,Романтическая страсть,Современное кино (2000–2020),6.623,84008,Mistress of Spices,5.5,0
Инферно Габриэля,Мелодрама,Драма,Романтическая страсть,Новинки (2020–2025),5.969,1325844,Gabriel's Inferno,5.8,0
Долгожданная любовь,Мелодрама,Драма,Романтическая страсть,Новинки (2020–2025),5.664,409061,,0,0
Однажды в Ирландии,Мелодрама,Комедия,Романтическая страсть,Современное кино (2000–2020),7.628,484474,The Guard,7.3,7.7
Восход солнца,Мелодрама,Драма,Романтическая страсть,Классика (до 2000 года),7.876,8441,Sunrise: A Song of Two Humans,8.1,9
Москва слезам не верит,Мелодрама,Драма,Романтическая страсть,Классика (до 2000 года),8.437,46708,,8,4.8
Приходите завтра,Мелодрама,Драма,Романтическая страсть,Классика (до 2000 года),8.175,43250,,7.5,0
Шаг вперед 4,Мелодрама,Драма,Романтическая страсть,Современное кино (2000–2020),7.112,576451,Step Up Revolution,6.4,5
Люсия и секс,Мелодрама,Драма,Романтическая страсть,Современное кино (2000–2020),7.08,744,Lucía y el sexo,7,6.5
Счастливы вместе,Мелодрама,Драма,Романтическая страсть,Классика (до 2000 года),4.846,262970,,4.6,0
Простить за все,Мелодрама,Драма,Семейная драма,Новинки (2020–2025),5.377,891639,,0,0
Шербурские зонтики,Мелодрама,Драма,Романтическая страсть,Классика (до 2000 года),7.657,7718,Les parapluies de Cherbourg,7.8,8.8
Алые паруса,Мелодрама,Фэнтези,Романтическая страсть,Классика (до 2000 года),7.843,43474,,7,0
Алешкина любовь,Мелодрама,Военный,Романтическая страсть,Классика (до 2000 года),8.066,43471,,7.5,0
Не торопи любовь!,Мелодрама,Комедия,Романтическая страсть,Классика (до 2000 года),6.706,420370,,5.4,0
Письма к Джульетте,Мелодрама,Комедия,Романтическая страсть,Современное кино (2000–2020),7.196,461799,Letters to Juliet,6.5,5.2
Навсегда моя девушка,Мелодрама,Драма,Романтическая страсть,Современное кино (2000–2020),6.362,917128,Forever My Girl,6.6,4.5
Настоящая любовь,Мелодрама,Криминал,Романтическая страсть,Классика (до 2000 года),7.732,4149,True Romance,7.9,7.6
Мне нужна только любовь,Мелодрама,Комедия,Романтическая страсть,Современное кино (2000–2020),8.174,95418,Dil Hai Tumhaara,5.6,0
Весна на Заречной улице,Мелодрама,Драма,Романтическая страсть,Классика (до 2000 года),8.107,45748,,7.4,0
Другая сторона полуночи,Мелодрама,Драма,Романтическая страсть,Классика (до 2000 года),7.284,23436,The Other Side of Midnight,6,5
Холодное танго,Мелодрама,Драма,Романтическая страсть,Современное кино (2000–2020),6.559,905032,,5.6,0
Вальмон,Мелодрама,Исторический,Историческая любовь,Классика (до 2000 года),7.737,11105,Valmont,7,6.3
Сердце вдребезги,Мелодрама,Драма,Трагический выбор,Новинки (2020–2025),6.051,704247,Playing It Cool,5.9,4
Застрял в любви,Мелодрама,Комедия,Романтическая страсть,Современное кино (2000–2020),7.391,665121,Stuck in Love,7.2,5.9
Держи ритм,Мелодрама,Комедия,Романтическая страсть,Современное кино (2000–2020),7.676,102147,Take the Lead,6.6,5.5
Мужчина в моей голове,Мелодрама,Драма,Романтическая страсть,Новинки (2020–2025),7.107,492099,,4.9,0
Белый дворец,Мелодрама,Драма,Романтическая страсть,Классика (до 2000 года),7.195,21419,White Palace,6.5,5.8
Анонимные романтики,Мелодрама,Комедия,Романтическая страсть,Новинки (2020–2025),7.048,493355,Les émotifs anonymes,6.9,6.3
Я подарю тебе любовь,Мелодрама,Комедия,Романтическая страсть,Новинки (2020–2025),5.311,837765,,0,0
Не забывай меня,Мелодрама,Фантастика,Романтическая страсть,Современное кино (2000–2020),5.653,413837,Forget Me Not,5.1,4.9
Намасте Лондон,Мелодрама,Комедия,Романтическая страсть,Современное кино (2000–2020),7.833,264727,Namastey London,7.1,0
Время желаний,Мелодрама,Драма,Романтическая страсть,Современное кино (2000–2020),7.302,45916,,6.9,0
После,Мелодрама,Драма,Романтическая страсть,Современное кино (2000–2020),6.076,1098154,After,5.3,3.6
Если я останусь,Мелодрама,Драма,Романтическая страсть,Современное кино (2000–2020),6.9,463860,If I Stay,6.7,5
О нем,Мелодрама,Комедия,Романтическая страсть,Новинки (2020–2025),7.192,675024,,6.1,0
Про любовь,Мелодрама,Драма,Романтическая страсть,Современное кино (2000–2020),6.651,841770,,6.3,0
Прогулка в облаках,Мелодрама,Драма,Романтическая страсть,Классика (до 2000 года),7.616,3799,A Walk in the Clouds,6.7,5.8
Незнакомец и незнакомка,Мелодрама,Драма,Романтическая страсть,Современное кино (2000–2020),7.95,542451,Anjaana Anjaani,5.7,0
Поцелуй сквозь стену,Мелодрама,Комедия,Романтическая страсть,Новинки (2020–2025),4.31,468182,,3.8,0
Жизнь за год,Мелодрама,Драма,Трагический выбор,Новинки (2020–2025),7.012,1044785,Life in a Year,6.3,0
Анна и король,Мелодрама,Исторический,Историческая любовь,Классика (до 2000 года),7.772,5336,Anna and the King,6.7,5.9
Бальная записная книжка,Мелодрама,Драма,Романтическая страсть,Современное кино (2000–2020),7.4,142670,Un carnet de bal,7.4,0
Фокусник,Мелодрама,Фэнтези,Романтическая страсть,Современное кино (2000–2020),7.345,44422,,7.2,0
Дьявол - это женщина,Мелодрама,Драма,Романтическая страсть,Классика (до 2000 года),6.838,14030,The Devil Is a Woman,6.9,7.7
Сильная женщина,Мелодрама,Фантастика,Романтическая страсть,Современное кино (2000–2020),7.255,803,Riding in Cars with Boys,6.5,5.2
Любовник моей жены,Мелодрама,Драма,Семейная драма,Новинки (2020–2025),6.06,1101696,Amoureux de ma femme,5.5,0
Дорогой Джон,Мелодрама,Военный,Романтическая страсть,Современное кино (2000–2020),7.243,415687,Dear John,6.3,4.4
Моя большая любовь,Мелодрама,Комедия,Романтическая страсть,Современное кино (2000–2020),0,804143,Öyle Sevdim Ki Seni,5.2,0
С любимыми не расставайтесь,Мелодрама,Драма,Семейная драма,Классика (до 2000 года),7.708,43570,,6.9,0
Любовь по правилам и без,Мелодрама,Комедия,Романтическая страсть,Новинки (2020–2025),6.1
Шанс,Мелодрама,Драма,Романтическая страсть,Классика (до 2000 года),7.188,43722,,6.5,0
Романс о влюбленных,Мелодрама,Комедия,Романтическая страсть,Классика (до 2000 года),7.283,42125,,6.8,0
Любовь невозможна,Мелодрама,Драма,Романтическая страсть,Новинки (2020–2025),7.598,437675,Pyaar Impossible!,4.9,0
Кармен,Мелодрама,Драма,Романтическая страсть,Новинки (2020–2025),7.057,41225,,6.2,0
Артист,Мелодрама,Исторический,Романтическая страсть,Современное кино (2000–2020),7.957,539550,The Artist,7.8,8.8
Он и Она,Мелодрама,Драма,Романтическая страсть,Новинки (2020–2025),7.375,1025671,Mr & Mme Adelman,7.3,0
По зову сердца,Мелодрама,Семейный,Романтическая страсть,Современное кино (2000–2020),7.861,5245001,,0,0
Оазис любви,Мелодрама,Драма,Романтическая страсть,Новинки (2020–2025),6.386,701709,,4.9,0
Казанова,Мелодрама,Исторический,Романтическая страсть,Современное кино (2000–2020),8.219,1189814,,0,0
Коктейль,Мелодрама,Драма,Романтическая страсть,Классика (до 2000 года),7.109,11075,Cocktail,5.9,4.2
Ромео + Джульетта,Мелодрама,Драма,Трагический выбор,Классика (до 2000 года),7.275,2771,Romeo + Juliet,6.7,6.8
Железнодорожный романс,Мелодрама,Драма,Романтическая страсть,Современное кино (2000–2020),7.194,161075,,6.4,0
Короткие встречи,Мелодрама,Драма,Романтическая страсть,Классика (до 2000 года),7.718,44934,,7.2,0
Слуга,Мелодрама,Исторический,Романтическая страсть,Современное кино (2000–2020),7.829,36330,The Servant,7.8,8.2
Я тебя никогда не забуду,Мелодрама,Драма,Романтическая страсть,Современное кино (2000–2020),5.274,728050,,5.9,0
Новый парень моей мамы,Мелодрама,Семейный,Семейная драма,Классика (до 2000 года),6.099,258804,My Mom's New Boyfriend,5.3,0
Любить нельзя забыть,Мелодрама,Драма,Романтическая страсть,Новинки (2020–2025),6.139,721658,,5.2,0
Безымянная звезда,Мелодрама,Драма,Трагический выбор,Классика (до 2000 года),8.142,77248,,8,0
Моя любовь,Мелодрама,Драма,Романтическая страсть,Современное кино (2000–2020),8.189,261203,,7.9,0
Мой лучший любовник,Мелодрама,Комедия,Романтическая страсть,Современное кино (2000–2020),6.912,77180,Prime,6.2,5.6
Дом у озера,Мелодрама,Фантастика,Романтическая страсть,Современное кино (2000–2020),7.848,102130,The Lake House,6.8,5
Ключ от спальни,Мелодрама,Драма,Романтическая страсть,Современное кино (2000–2020),5.927,41243,,4.9,0
9 1/2 недель,Мелодрама,Драма,Романтическая страсть,Классика (до 2000 года),7.278,12276,Nine 1/2 Weeks,5.9,5.6
Индокитай,Мелодрама,Исторический,Историческая любовь,Классика (до 2000 года),7.782,21300,Indochine,7,6.3
Никто не заменит тебя,Мелодрама,Драма,Романтическая страсть,Новинки (2020–2025),6.64,466567,,6.1,0
Русалка,Мелодрама,Фэнтези,Романтическая страсть,Современное кино (2000–2020),7.158,278156,,7.2,0
История любви,Мелодрама,Драма,Трагический выбор,Классика (до 2000 года),7.204,7949,Décalage horaire,6.1,5.8
Райский поцелуй,Мелодрама,Драма,Романтическая страсть,Современное кино (2000–2020),7.86,408688,Paradise Kiss,7.8,0
О любви,Мелодрама,Драма,Романтическая страсть,Современное кино (2000–2020),6.317,939638,,5.1,0
Танго мотылька,Мелодрама,Драма,Романтическая страсть,Новинки (2020–2025),5.708,893371,,0,0
Буду помнить,Мелодрама,Драма,Трагический выбор,Современное кино (2000–2020),7.113,489348,,7.2,0
Городской романс,Мелодрама,Комедия,Романтическая страсть,Новинки (2020–2025),8,44577,,7.4,0
Соври мне правду,Мелодрама,Драма,Семейная драма,Новинки (2020–2025),5.661,1445176,,0,0
Любовник,Мелодрама,Исторический,Романтическая страсть,Классика (до 2000 года),7.581,22906,L'amant,6.8,4.8
Дождь в чужом городе,Мелодрама,Драма,Романтическая страсть,Современное кино (2000–2020),6.952,367795,,6.1,0
Забытая мелодия для флейты,Мелодрама,Драма,Романтическая страсть,Классика (до 2000 года),7.738,45195,,7.5,0
Леди Чаттерлей,Мелодрама,Исторический,Романтическая страсть,Новинки (2020–2025),5.934,119175,Lady Chatterley,6.7,6.7
Вкус солнечного света,Мелодрама,Драма,Романтическая страсть,Новинки (2020–2025),7.667,4483,Sunshine,7.4,7.2
Мэнсфилд Парк,Мелодрама,Исторический,Историческая любовь,Классика (до 2000 года),6.915,7641,Mansfield Park,7,6.9
Верю в любовь,Мелодрама,Драма,Романтическая страсть,Новинки (2020–2025),6.874,1255550,I Still Believe,6.5,5.6
Любовь земная,Мелодрама,Военный,Историческая любовь,Классика (до 2000 года),7.778,45160,,7,0
Кузнец моего счастья,Мелодрама,Драма,Романтическая страсть,Новинки (2020–2025),5.794,1008537,,0,0
Привидение,Мелодрама,Фэнтези,Романтическая страсть,Классика (до 2000 года),8.179,1991,Ghost,7.1,6.9
Пальмы в снегу,Мелодрама,Исторический,Историческая любовь,Современное кино (2000–2020),7.844,801868,Palmeras en la nieve,7.3,7.7
Всегда,Мелодрама,Фэнтези,Романтическая страсть,Классика (до 2000 года),8.151,635370,Ojik geudaeman,7.7,0
Любовь с привилегиями,Мелодрама,Комедия,Романтическая страсть,Новинки (2020–2025),7.401,45156,,6.9,0
Невеста и предрассудки,Мелодрама,Комедия,Романтическая страсть,Современное кино (2000–2020),7.134,24204,Bride & Prejudice,6.2,6
Париж подождет,Мелодрама,Драма,Романтическая страсть,Современное кино (2000–2020),7.04,886169,Paris Can Wait,5.8,5.4
Неуловимый аромат любви,Мелодрама,Комедия,Романтическая страсть,Новинки (2020–2025),6.505,1450108,Love Hard,6.3,6.1
Вечное сияние чистого разума,Мелодрама,Фантастика,Романтическая страсть,Современное кино (2000–2020),8.046,5492,Eternal Sunshine of the Spotless Mind,8.3,8.5
Зимородок,Мелодрама,Драма,Семейная драма,Новинки (2020–2025),7.978,5106881,Yalı Çapkını,5.9,0
Любовь сквозь время,Мелодрама,Фантастика,Романтическая страсть,Современное кино (2000–2020),6.541,582158,Winter's Tale,6.1,3.7
Последнее письмо от твоего любимого,Мелодрама,Исторический,Историческая любовь,Новинки (2020–2025),6.907,836924,The Last Letter from Your Lover,6.7,5.6
Искренне ваш...,Мелодрама,Драма,Романтическая страсть,Современное кино (2000–2020),6.638,42627,,6.3,0
Дарю тебе звезду,Мелодрама,Комедия,Романтическая страсть,Современное кино (2000–2020),8.213,44103,,7.5,0
Бар «Гадкий койот»,Мелодрама,Комедия,Романтическая страсть,Современное кино (2000–2020),7.121,4888,Coyote Ugly,5.8,3.9
Камасутра 3D,Мелодрама,Исторический,Романтическая страсть,Современное кино (2000–2020),0,721637,Kamasutra 3D,6.2,0
Секретарша,Мелодрама,Драма,Романтическая страсть,Современное кино (2000–2020),7.38,993593,,0,0
Я схожу с ума от любви,Мелодрама,Комедия,Романтическая страсть,Новинки (2020–2025),7.843,65065,Main Prem Ki Diwani Hoon,3.8,0
Еще раз про любовь,Мелодрама,Драма,Романтическая страсть,Современное кино (2000–2020),8.043,42443,,7.5,0
Любовь и другие лекарства,Мелодрама,Комедия,Романтическая страсть,Современное кино (2000–2020),6.871,463695,Love & Other Drugs,6.7,5.8
Ревность,Мелодрама,Драма,Романтическая страсть,Современное кино (2000–2020),6.552,1894,Heartburn,6.1,5.7
Порочная страсть,Мелодрама,Триллер,Романтическая страсть,Новинки (2020–2025),6.66,571952,Arbitrage,6.6,7.1
Невеста,Мелодрама,Драма,Романтическая страсть,Современное кино (2000–2020),4.762,984360,,4.6,0
Красотки,Мелодрама,Комедия,Романтическая страсть,Классика (до 2000 года),7.697,20876,Bimboland,4.7,0
Случайный роман,Мелодрама,Комедия,Романтическая страсть,Новинки (2020–2025),6.829,479190,De vrais mensonges,6.4,0
Разум и чувства,Мелодрама,Исторический,Романтическая страсть,Классика (до 2000 года),7.889,6148,Sense and Sensibility,7.7,8.1
Красный жемчуг любви,Мелодрама,Драма,Романтическая страсть,Новинки (2020–2025),6.28,406153,,5.4,0
Кадриль,Мелодрама,Драма,Романтическая страсть,Современное кино (2000–2020),7.33,252025,,6.1,0
Прошлой ночью в Нью-Йорке,Мелодрама,Драма,Романтическая страсть,Современное кино (2000–2020),7.179,426952,Last Night,6.5,5.5
Любовь вчера и сегодня,Мелодрама,Комедия,Романтическая страсть,Классика (до 2000 года),7.716,424539,Love Aaj Kal,6.8,0
Влюбленные,Мелодрама,Драма,Романтическая страсть,Новинки (2020–2025),5.705,565226,Belle du Seigneur,5,0
Вечное возвращение,Мелодрама,Фэнтези,Романтическая страсть,Классика (до 2000 года),6.238,630018,,6.8,0
Объяснение в любви,Мелодрама,Комедия,Романтическая страсть,Новинки (2020–2025),7.902,42706,,7.4,0
Пять вечеров,Мелодрама,Драма,Романтическая страсть,Классика (до 2000 года),8.17,43373,,7.6,0
Обстоятельства,Мелодрама,Драма,Романтическая страсть,Новинки (2020–2025),6.249,403478,,6.1,0
Богиня,Мелодрама,Драма,Романтическая страсть,Современное кино (2000–2020),6.128,591399,Goddess,5.9,4.7
Праздник любви,Мелодрама,Комедия,Романтическая страсть,Современное кино (2000–2020),7.308,258693,Feast of Love,6.5,5.3
Одиночество любви,Мелодрама,Драма,Романтическая страсть,Новинки (2020–2025),5.297,425995,,7,0
Позови меня в даль светлую,Мелодрама,Драма,Романтическая страсть,Современное кино (2000–2020),7.633,43211,,7.5,0
Северное сияние,Мелодрама,Драма,Романтическая страсть,Современное кино (2000–2020),6.955,1125430,,0,0
Венеция зовет,Мелодрама,Драма,Романтическая страсть,Классика (до 2000 года),7.016,1236319,Venise n'est pas en Italie,6.2,0
Однажды,Мелодрама,Комедия,Романтическая страсть,Современное кино (2000–2020),6.483,705700,,6.1,0
Пятьдесят оттенков свободы,Мелодрама,Драма,Романтическая страсть,Современное кино (2000–2020),5.417,893488,Fifty Shades Freed,4.5,3.3
В плену обмана,Мелодрама,Триллер,Трагический выбор,Современное кино (2000–2020),6.087,855911,,0,0
Анна Каренина,Мелодрама,Исторический,Романтическая страсть,Современное кино (2000–2020),6.837,575195,Anna Karenina,6.6,6.5
Танцы насмерть,Мелодрама,Боевик (Экшен),Романтическая страсть,Современное кино (2000–2020),4.09,930535,,2.9,0
Волшебное серебро,Мелодрама,Исторический,Историческая любовь,Новинки (2020–2025),6.068,569969,Julenatt i Blåfjell,5.7,0
Моя прекрасная леди,Мелодрама,Комедия,Романтическая страсть,Классика (до 2000 года),8.019,7666,My Fair Lady,7.7,8.7
Послание в бутылке,Мелодрама,Драма,Романтическая страсть,Классика (до 2000 года),7.577,1656,Message in a Bottle,6.3,5.4
Трижды о любви,Мелодрама,Драма,Романтическая страсть,Современное кино (2000–2020),8.085,42317,,6.6,0
Порнографические связи,Мелодрама,Драма,Романтическая страсть,Современное кино (2000–2020),7.054,77300,Une liaison pornographique,6.9,7.5
Вкус чудес,Мелодрама,Исторический,Историческая любовь,Новинки (2020–2025),7.184,854839,Le goût des merveilles,6.8,5.7
Калейдоскоп судьбы,Мелодрама,Драма,Романтическая страсть,Новинки (2020–2025),6.407,1039243,,0,0
Так она нашла меня,Мелодрама,Драма,Романтическая страсть,Новинки (2020–2025),6.047,195565,Then She Found Me,5.9,5.5
Токийская невеста,Мелодрама,Комедия,Романтическая страсть,Современное кино (2000–2020),6.396,847369,Tokyo Fiancée,6.4,0
Секрет,Мелодрама,Драма,Романтическая страсть,Современное кино (2000–2020),7.645,1196157,The Secret: Dare to Dream,6.5,4.7
Калейдоскоп поцелуев,Мелодрама,Драма,Романтическая страсть,Новинки (2020–2025),6.387,1024882,The Kissing Booth,5.9,4
Грозовой перевал,Мелодрама,Драма,Романтическая страсть,Классика (до 2000 года),7.654,415287,Wuthering Heights,7.5,0
Воображаемая любовь,Мелодрама,Фэнтези,Романтическая страсть,Новинки (2020–2025),7.636,503657,Les amours imaginaires,7,6.9
Единственная,Мелодрама,Драма,Романтическая страсть,Новинки (2020–2025),7.255,42425,,6.5,0
Краденое свидание,Мелодрама,Драма,Романтическая страсть,Новинки (2020–2025),6.604,784455,Man Up,6.8,6.3
Золотое кольцо,Мелодрама,Семейный,Семейная драма,Новинки (2020–2025),5.722,1351755,,0,0
Сказ о Петре и Февронии,Мелодрама,Фэнтези,Романтическая страсть,Современное кино (2000–2020),6.506,934220,,4.7,0
Если бы я тебя любил...,Мелодрама,Комедия,Романтическая страсть,Современное кино (2000–2020),7.401,497646,,6.7,0
Анатомия любви,Мелодрама,Комедия,Романтическая страсть,Новинки (2020–2025),6.722,695449,Endless Love,6.2,3.9
Унесенные,Мелодрама,Военный,Романтическая страсть,Классика (до 2000 года),5.872,18974,Swept Away,3.6,3.2
Короли танцпола,Мелодрама,Драма,Романтическая страсть,Современное кино (2000–2020),6.315,484504,Battle of the Year,5,3.5
Перед рассветом,Мелодрама,Драма,Романтическая страсть,Классика (до 2000 года),7.984,18368,Before Sunrise,8.1,8.4
Облако 9,Мелодрама,Драма,Романтическая страсть,Современное кино (2000–2020),5.04,81018,Cloud 9,4.2,0
Лена и справедливость,Мелодрама,Драма,Романтическая страсть,Новинки (2020–2025),6.575,4522328,,0,0
Разрешите тебя поцеловать,Мелодрама,Комедия,Романтическая страсть,Новинки (2020–2025),6.666,417851,,5.7,0
Доводы рассудка,Мелодрама,Исторический,Историческая любовь,Классика (до 2000 года),7.695,301499,Persuasion,7.4,0
Двое в пути,Мелодрама,Комедия,Романтическая страсть,Классика (до 2000 года),7.798,17720,Two for the Road,7.4,7.5
После. Долго и счастливо,Мелодрама,Драма,Романтическая страсть,Новинки (2020–2025),6.198,1411988,After Ever Happy,4.7,0
Калейдоскоп поцелуев 2,Мелодрама,Комедия,Романтическая страсть,Новинки (2020–2025),6.433,1237316,The Kissing Booth 2,5.7,0
Соблазн,Мелодрама,Драма,Романтическая страсть,Современное кино (2000–2020),7.502,17663,Original Sin,6,3.4
Трио,Мелодрама,Драма,Романтическая страсть,Новинки (2020–2025),6.466,47207,,5.8,0
Великолепная Анжелика,Мелодрама,Исторический,Романтическая страсть,Классика (до 2000 года),8.045,77358,Merveilleuse Angélique,6.6,0
Любовь.RU,Мелодрама,Комедия,Романтическая страсть,Новинки (2020–2025),6.301,447092,,5.3,0
Любовь — болезнь,Мелодрама,Комедия,Романтическая страсть,Современное кино (2000–2020),7.123,972783,The Big Sick,7.5,8.3
Новая подружка,Мелодрама,Драма,Романтическая страсть,Современное кино (2000–2020),6.422,798116,Une nouvelle amie,6.5,0
Превратности любви,Мелодрама,Комедия,Романтическая страсть,Новинки (2020–2025),7.024,13057,Playing by Heart,6.9,6
Серебряные коньки,Мелодрама,Исторический,Романтическая страсть,Новинки (2020–2025),7.796,1225587,,7.1,4.8
Питер. Лето. Любовь,Мелодрама,Драма,Романтическая страсть,Современное кино (2000–2020),5.357,728414,,5.8,0
Порочные связи,Мелодрама,Драма,Романтическая страсть,Новинки (2020–2025),6.929,87819,Conversations with Other Women,6.9,6.5
Как я теперь люблю,Мелодрама,Фантастика,Романтическая страсть,Современное кино (2000–2020),6.782,655578,How I Live Now,6.4,6.2
Век Адалин,Мелодрама,Фантастика,Романтическая страсть,Современное кино (2000–2020),7.89,522876,The Age of Adaline,7.2,5.5
"С любовью, Саймон",Мелодрама,Комедия,Романтическая страсть,Современное кино (2000–2020),7.31,1008770,Love, Simon,7.5,7.5
Последние любовники,Мелодрама,Драма,Романтическая страсть,Новинки (2020–2025),6.083,898304,Porto,6,6.1
Ромео и Джульетта,Мелодрама,Исторический,Трагический выбор,Классика (до 2000 года),8.207,15204,Romeo and Juliet,7.6,0
Шаг к мечте: Раз и навсегда,Мелодрама,Драма,Романтическая страсть,Новинки (2020–2025),7.934,5266253,Re lie,6.8,0
Выбор,Мелодрама,Драма,Трагический выбор,Современное кино (2000–2020),7.097,843209,The Choice,6.5,3.8
Жизнь во имя любви 2,Мелодрама,Драма,Романтическая страсть,Новинки (2020–2025),8.102,687491,Aashiqui 2,7.1,0
Индийский наследник английской семьи,Мелодрама,Семейный,Семейная драма,Современное кино (2000–2020),7.758,18739,English Babu Desi Mem,4.6,0
Любовь без слов,Мелодрама,Драма,Романтическая страсть,Новинки (2020–2025),8.216,71053,Koyla,6.2,0
Претенденты,Мелодрама,Драма,Романтическая страсть,Новинки (2020–2025),6.977,4860116,Challengers,7,8
Чико и Рита,Мелодрама,Драма,Романтическая страсть,Современное кино (2000–2020),6.996,574635,Chico & Rita,7.2,7.6
Любовь по рецепту,Мелодрама,Комедия,Романтическая страсть,Современное кино (2000–2020),5.583,597414,Menú degustació,5.6,0
Мужчина по вызову,Мелодрама,Драма,Романтическая страсть,Современное кино (2000–2020),6.678,4198,Deuce Bigalow: Male Gigolo,5.7,4.1
Дневник его жены,Мелодрама,Драма,Трагический выбор,Новинки (2020–2025),7.603,7648,,6.9,0
Моя маленькая невеста,Мелодрама,Комедия,Романтическая страсть,Современное кино (2000–2020),7.713,65835,Eorin sinbu,7,0
Шаг вперед,Мелодрама,Драма,Романтическая страсть,Современное кино (2000–2020),7.614,167491,Step Up,6.5,4.6
Влюбленный король,Мелодрама,Исторический,Историческая любовь,Классика (до 2000 года),7.893,36611,King Uncle,5.3,0
Любовь 911,Мелодрама,Драма,Романтическая страсть,Новинки (2020–2025),7.605,730505,Banchangkko,6.9,0
Вам письмо,Мелодрама,Комедия,Романтическая страсть,Классика (до 2000 года),7.776,5330,You've Got Mail,6.7,6.2
Призрак,Мелодрама,Фантастика,Романтическая страсть,Классика (до 2000 года),7.101,839960,,6.5,0
По Млечному пути,Мелодрама,Военный,Романтическая страсть,Современное кино (2000–2020),6.806,749503,On the Milky Road,6.3,0
Встретимся у фонтана,Мелодрама,Комедия,Романтическая страсть,Новинки (2020–2025),6.778,45940,,6.1,0
Маленькие женщины. Наши дни,Мелодрама,Семейный,Семейная драма,Новинки (2020–2025),6.908,1027769,Little Women,5.3,4.9
Медовый месяц Камиллы,Мелодрама,Комедия,Романтическая страсть,Новинки (2020–2025),7.099,195222,Camille,5.9,0
Фрэнки и Джонни,Мелодрама,Драма,Романтическая страсть,Классика (до 2000 года),7.545,4873,Frankie and Johnny,6.7,6.7
Опасные секреты,Мелодрама,Драма,Романтическая страсть,Новинки (2020–2025),6.663,958464,Official Secrets,7.3,6.9
9 песен,Мелодрама,Драма,Романтическая страсть,Современное кино (2000–2020),5.297,86198,9 Songs,4.8,4.5
Карусель,Мелодрама,Семейный,Семейная драма,Новинки (2020–2025),6.77,405647,,5.3,0
Портрет девушки в огне,Мелодрама,Исторический,Романтическая страсть,Современное кино (2000–2020),7.22,1169370,Portrait de la jeune fille en feu,8,9
Долгая помолвка,Мелодрама,Военный,Историческая любовь,Современное кино (2000–2020),7.669,9462,Un long dimanche de fiançailles,7.6,7.4
Секс в большом городе,Мелодрама,Комедия,Романтическая страсть,Современное кино (2000–2020),8.212,77042,Sex and the City,7.4,0
Любовники,Мелодрама,Комедия,Романтическая страсть,Новинки (2020–2025),6.796,4639557,,0,0
Мадемуазель Живаго,Мелодрама,Исторический,Романтическая страсть,Классика (до 2000 года),7.974,574915,,8.8,0
Любовь напрокат,Мелодрама,Комедия,Романтическая страсть,Новинки (2020–2025),8.27,924222,Kiralık Aşk,7.2,0
Отель для Золушки,Мелодрама,Фэнтези,Романтическая страсть,Новинки (2020–2025),5.349,682050,,0,0
Пять сантиметров в секунду,Мелодрама,Драма,Трагический выбор,Современное кино (2000–2020),7.401,891714,The Five,7.5,0
Соблазнитель 2,Мелодрама,Драма,Романтическая страсть,Современное кино (2000–2020),6.739,663698,Kokowääh 2,5.3,0
Танец Дели,Мелодрама,Приключения,Романтическая страсть,Современное кино (2000–2020),7.626,652859,,6.8,0
Эммануэль,Мелодрама,Драма,Романтическая страсть,Классика (до 2000 года),5.79,63774,Emmanuelle,5.2,5.4
Перед закатом,Мелодрама,Драма,Романтическая страсть,Современное кино (2000–2020),7.701,50598,Before Sunset,8.1,8.3
Бурлеск,Мелодрама,Драма,Романтическая страсть,Современное кино (2000–2020),7.47,461904,Burlesque,6.4,4.9
Комната в Риме,Мелодрама,Драма,Романтическая страсть,Современное кино (2000–2020),6.399,424291,Habitación en Roma,6,0
Уимблдон,Мелодрама,Комедия,Романтическая страсть,Современное кино (2000–2020),7.124,19174,Wimbledon,6.3,5.9
Грязные танцы 2: Гаванские ночи,Мелодрама,Исторический,Историческая любовь,Современное кино (2000–2020),7.357,4299,Dirty Dancing: Havana Nights,5.9,4.3
Любить по-русски 2,Мелодрама,Комедия,Романтическая страсть,Новинки (2020–2025),5.933,41305,,4.5,0
Дневная красавица,Мелодрама,Комедия,Романтическая страсть,Классика (до 2000 года),7.428,21334,Belle de jour,7.6,8.6
Валентина,Мелодрама,Драма,Романтическая страсть,Классика (до 2000 года),7.62,45655,,7.1,0
Сладкая женщина,Мелодрама,Драма,Романтическая страсть,Классика (до 2000 года),7.39,43834,,7,0
Мелодия любви,Мелодрама,Драма,Романтическая страсть,Новинки (2020–2025),7.05,1199835,,0,0
Здравствуй и прощай,Мелодрама,Драма,Романтическая страсть,Классика (до 2000 года),8.061,45256,,7.2,0
Ты меня любишь?,Мелодрама,Комедия,Романтическая страсть,Современное кино (2000–2020),5.293,5209585,,0,0
Азарт любви,Мелодрама,Драма,Романтическая страсть,Новинки (2020–2025),7.929,69424,Josh,6.1,0
Милый друг,Мелодрама,Исторический,Историческая любовь,Современное кино (2000–2020),6.097,466849,Bel Ami,5.4,4.7
Шаг вперед 2: Улицы,Мелодрама,Драма,Романтическая страсть,Современное кино (2000–2020),7.283,310960,Step Up 2: The Streets,6.2,5
Дикий мед,Мелодрама,Драма,Романтическая страсть,Современное кино (2000–2020),5.859,44202,,6.1,0
Артистка,Мелодрама,Драма,Романтическая страсть,Современное кино (2000–2020),7.402,281769,,6.8,0
Зимний роман,Мелодрама,Комедия,Романтическая страсть,Новинки (2020–2025),7.126,422994,,5.8,0
Калейдоскоп любви,Мелодрама,Драма,Романтическая страсть,Новинки (2020–2025),6.415,535302,360,6.1,0
"Жизнь, или что-то вроде того",Мелодрама,Драма,Трагический выбор,Современное кино (2000–2020),6.89,4475,Life or Something Like It,5.8,4.5
Майерлинг,Мелодрама,Исторический,Романтическая страсть,Классика (до 2000 года),6.946,10303,Mayerling,6.1,0
Уличные танцы 3D,Мелодрама,Драма,Романтическая страсть,Современное кино (2000–2020),6.822,487471,Street Dance 3D,5.8,6
Любовь в городе ангелов,Мелодрама,Комедия,Романтическая страсть,Современное кино (2000–2020),4.27,1045551,,5.5,0
Последний шанс Харви,Мелодрама,Комедия,Романтическая страсть,Современное кино (2000–2020),6.934,391170,Last Chance Harvey,6.6,6.2
Когда мужчина любит женщину,Мелодрама,Семейный,Семейная драма,Классика (до 2000 года),7.375,4498,When a Man Loves a Woman,6.6,6.6
А если это любовь?,Мелодрама,Комедия,Романтическая страсть,Современное кино (2000–2020),7.65,43394,,7.3,0
Вода и огонь,Мелодрама,Драма,Романтическая страсть,Новинки (2020–2025),7.895,795089,Su ve Ates,6.1,0
Романтики,Мелодрама,Комедия,Романтическая страсть,Современное кино (2000–2020),5.813,454922,The Romantics,5,4.4
Серебряный водопад,Мелодрама,Драма,Романтическая страсть,Новинки (2020–2025),4.961,577528,A Haunting at Silver Falls,4.8,0
Зимняя вишня,Мелодрама,Семейный,Семейная драма,Классика (до 2000 года),7.214,45356,,6.8,0
Голубая лагуна,Мелодрама,Приключения,Романтическая страсть,Классика (до 2000 года),7.096,32864,The Blue Lagoon,5.8,3.3
Вернуть отправителю,Мелодрама,Криминал,Романтическая страсть,Современное кино (2000–2020),5.286,765945,Return to Sender,5.1,3.7
Про любовь. Только для взрослых,Мелодрама,Драма,Романтическая страсть,Новинки (2020–2025),6.809,980823,,6.1,0
Ищу тебя,Мелодрама,Драма,Трагический выбор,Современное кино (2000–2020),7.158,499951,,6.3,0
Любовь по правилам и без,Мелодрама,Комедия,Романтическая страсть,Новинки (2020–2025),6.1
Союзники,Мелодрама,Военный,Романтическая страсть,Современное кино (2000–2020),7.154,915140,Allied,7.1,6.2
На расстоянии любви,Мелодрама,Комедия,Романтическая страсть,Современное кино (2000–2020),6.704,455214,Going the Distance,6.3,5.8
Последний лепесток,Мелодрама,Драма,Романтическая страсть,Новинки (2020–2025),7.662,259965,,7.2,0
На ярком солнце,Мелодрама,Драма,Трагический выбор,Классика (до 2000 года),7.795,93412,Plein soleil,7.7,8.1
Старшая жена,Мелодрама,Драма,Семейная драма,Новинки (2020–2025),6.022,966746,,0,0
Ла-Ла Ленд,Мелодрама,Драма,Романтическая страсть,Современное кино (2000–2020),8.037,841081,La La Land,8,8.7
МЫ. Верим в любовь,Мелодрама,Комедия,Романтическая страсть,Новинки (2020–2025),7.34,484451,W.E.,6.2,4.2
7 часов на соблазнение,Мелодрама,Драма,Романтическая страсть,Новинки (2020–2025),6.648,1292635,7 ore per farti innamorare,6.2,0
Конец романа,Мелодрама,Драма,Трагический выбор,Классика (до 2000 года),7.083,7634,The End of the Affair,7,6.6
Всем парням: P.S. Я люблю тебя,Мелодрама,Комедия,Романтическая страсть,Новинки (2020–2025),6.468,1226369,To All the Boys: P.S. I Still Love You,6.1,0
Путешествие во влюбленность,Мелодрама,Комедия,Романтическая страсть,Современное кино (2000–2020),6.096,420274,,0,0
Страстная любовь,Мелодрама,Драма,Романтическая страсть,Новинки (2020–2025),7.715,77635,Chaahat,5.5,0
Шаг навстречу,Мелодрама,Комедия,Романтическая страсть,Современное кино (2000–2020),7.442,43713,,6.7,0
Возвращение в Голубую лагуну,Мелодрама,Приключения,Романтическая страсть,Классика (до 2000 года),6.774,24188,Return to the Blue Lagoon,5.2,2.7
Бенни и Джун,Мелодрама,Комедия,Романтическая страсть,Классика (до 2000 года),7.895,3003,Benny & Joon,7.1,5.8
Соседка,Мелодрама,Триллер,Романтическая страсть,Новинки (2020–2025),7.074,6293,The Girl Next Door,6.7,5.6
Нортенгерское аббатство,Мелодрама,Исторический,Историческая любовь,Современное кино (2000–2020),7.067,301596,Northanger Abbey,7.2,0
Выше неба,Мелодрама,Драма,Романтическая страсть,Новинки (2020–2025),6.211,1109269,,4.9,0
На пятьдесят оттенков темнее,Мелодрама,Драма,Романтическая страсть,Современное кино (2000–2020),5.271,893487,Fifty Shades Darker,4.6,3.3
Запретная любовь,Мелодрама,Драма,Романтическая страсть,Современное кино (2000–2020),6.856,258881,The Edge of Love,6.1,5.2
Выбор капитана Корелли,Мелодрама,Военный,Историческая любовь,Современное кино (2000–2020),6.968,626,Captain Corelli's Mandolin,5.9,4.4
История вечной любви,Мелодрама,Драма,Романтическая страсть,Современное кино (2000–2020),7.731,1802,Ever After,7.1,7.6
Город ангелов,Мелодрама,Фэнтези,Романтическая страсть,Классика (до 2000 года),7.872,4171,City of Angels,6.7,6.2
Зимняя вишня 3,Мелодрама,Драма,Семейная драма,Классика (до 2000 года),6.205,85048,,5,0
Три метра над уровнем неба,Мелодрама,Драма,Романтическая страсть,Современное кино (2000–2020),7.1,523362,3 metros sobre el cielo,6.7,0
Сильва,Мелодрама,Комедия,Романтическая страсть,Классика (до 2000 года),8.163,94319,,7.3,0
Последняя песня,Мелодрама,Семейный,Семейная драма,Современное кино (2000–2020),7.36,455540,The Last Song,6,4.1
Сент-Амур. Удовольствия любви,Мелодрама,Драма,Романтическая страсть,Новинки (2020–2025),5.359,897611,Saint Amour,6,0
Пламя страсти,Мелодрама,Драма,Романтическая страсть,Новинки (2020–2025),7.601,15073,Firelight,7.2,5.4
Рябиновый вальс,Мелодрама,Драма,Романтическая страсть,Классика (до 2000 года),7.289,480554,,6.9,0
Пока ночь не разлучит,Мелодрама,Драма,Романтическая страсть,Новинки (2020–2025),5.787,585359,,5.8,0
Останься со мной,Мелодрама,Драма,Трагический выбор,Новинки (2020–2025),7.827,498,Stand by Me,8.1,8
Любовь по рецепту и без,Мелодрама,Комедия,Романтическая страсть,Новинки (2020–2025),6.402,502093,Better Living Through Chemistry,6.2,4.9
Все песни только о любви,Мелодрама,Комедия,Романтическая страсть,Новинки (2020–2025),7.429,281144,Les chansons d'amour,7,0
Ася,Мелодрама,Драма,Трагический выбор,Классика (до 2000 года),7.089,43547,Asya,6.7,0
Сирано Де Бержерак,Мелодрама,Исторический,Романтическая страсть,Классика (до 2000 года),7.67,20891,Cyrano de Bergerac,7.5,7.9
Три тополя на Плющихе,Мелодрама,Комедия,Романтическая страсть,Классика (до 2000 года),8.21,42308,,7.8,0
Лед,Мелодрама,Комедия,Романтическая страсть,Современное кино (2000–2020),5.593,765667,,4.9,0
Мосты округа Мэдисон,Мелодрама,Драма,Романтическая страсть,Классика (до 2000 года),7.997,1886,The Bridges of Madison County,7.6,7.4
Фонограмма страсти,Мелодрама,Комедия,Романтическая страсть,Новинки (2020–2025),6.254,447651,,5.5,0
Вечность,Мелодрама,Драма,Романтическая страсть,Современное кино (2000–2020),8.272,823594,Forever,8.2,0
Не уходи,Мелодрама,Фантастика,Романтическая страсть,Новинки (2020–2025),7.622,61656,Non ti muovere,7,5.8
Любовь и прочие обстоятельства,Мелодрама,Комедия,Романтическая страсть,Новинки (2020–2025),6.988,316099,Love and Other Impossible Pursuits,6.3,5.5
Любит / Не любит,Мелодрама,Комедия,Романтическая страсть,Современное кино (2000–2020),7.653,1330151,Omoi, Omoware, Furi, Furare,6.7,0
Под прицелом любви,Мелодрама,Боевик (Экшен),Романтическая страсть,Новинки (2020–2025),6.255,709807,,0,0
Тюльпанная лихорадка,Мелодрама,Исторический,Историческая любовь,Современное кино (2000–2020),6.485,590110,Tulip Fever,6.2,4.4
У моря,Мелодрама,Драма,Семейная драма,Современное кино (2000–2020),7.412,9329,Beyond the Sea,6.7,5.2
Любовь с препятствиями,Мелодрама,Комедия,Романтическая страсть,Новинки (2020–2025),7.27,585641,Un bonheur n'arrive jamais seul,6.5,0
Я буду рядом,Мелодрама,Драма,Семейная драма,Новинки (2020–2025),6.809,595928,,6.9,0
Опасные связи,Мелодрама,Исторический,Романтическая страсть,Классика (до 2000 года),7.824,3810,Dangerous Liaisons,7.5,7.7
Горбун Собора Парижской Богоматери,Мелодрама,Исторический,Романтическая страсть,Классика (до 2000 года),7.133,8429,The Hunchback of Notre Dame,7.8,8.6
Виноваты звезды,Мелодрама,Драма,Романтическая страсть,Современное кино (2000–2020),7.811,724703,The Fault in Our Stars,7.6,6.9
Назови меня своим именем,Мелодрама,Драма,Романтическая страсть,Современное кино (2000–2020),7.627,979148,Call Me by Your Name,7.8,8.8
Судьба,Мелодрама,Драма,Романтическая страсть,Новинки (2020–2025),8.373,44025,,7.5,0
Поцелуй бабочки,Мелодрама,Криминал,Трагический выбор,Современное кино (2000–2020),5.511,208024,,4.9,0
Мой ангел-хранитель,Мелодрама,Фэнтези,Романтическая страсть,Новинки (2020–2025),7.885,407864,My Sister's Keeper,7.3,5.5
Вдали от обезумевшей толпы,Мелодрама,Исторический,Историческая любовь,Современное кино (2000–2020),6.864,764613,Far from the Madding Crowd,7.1,7.4
Сердце не камень,Мелодрама,Комедия,Романтическая страсть,Новинки (2020–2025),7.665,79879,,7.4,0
Ставка на любовь,Мелодрама,Комедия,Романтическая страсть,Новинки (2020–2025),5.012,840460,,4.4,0
Храни тебя любовь моя,Мелодрама,Семейный,Семейная драма,Современное кино (2000–2020),5.953,1044991,,0,0
Вир и Зара,Мелодрама,Драма,Романтическая страсть,Современное кино (2000–2020),8.371,81492,Veer-Zaara,7.8,0
Первая любовь,Мелодрама,Комедия,Романтическая страсть,Новинки (2020–2025),5.859,4477087,First Love,4.8,5.7
Призрак оперы,Мелодрама,Фэнтези,Романтическая страсть,Современное кино (2000–2020),7.818,4851,The Phantom of the Opera,7.2,5
Спасибо за любовь!,Мелодрама,Драма,Семейная драма,Новинки (2020–2025),6.444,420292,,0,0
История золушки 3,Мелодрама,Комедия,Романтическая страсть,Современное кино (2000–2020),6.336,577848,A Cinderella Story: Once Upon a Song,5.9,0
Честная куртизанка,Мелодрама,Исторический,Историческая любовь,Новинки (2020–2025),7.765,15095,Dangerous Beauty,7.1,6.4
Какими мы были,Мелодрама,Драма,Романтическая страсть,Классика (до 2000 года),7.732,13977,The Way We Were,7,6.3
Звезда родилась,Мелодрама,Драма,Романтическая страсть,Современное кино (2000–2020),7.372,474935,A Star Is Born,7.6,8.1
Анжелика и король,Мелодрама,Исторический,Историческая любовь,Классика (до 2000 года),7.983,77356,Angélique et le roy,6.6,0
Миддлтон,Мелодрама,Комедия,Романтическая страсть,Современное кино (2000–2020),6.796,470525,At Middleton,6.5,5.8
Через Вселенную,Мелодрама,Драма,Романтическая страсть,Современное кино (2000–2020),7.804,102531,Across the Universe,7.3,5.9
Медвежий поцелуй,Мелодрама,Фэнтези,Романтическая страсть,Современное кино (2000–2020),7.316,36786,Bear's Kiss,5.9,6.5
Терапия любовью,Мелодрама,Комедия,Романтическая страсть,Новинки (2020–2025),6.735,494680,,0,0
Небо любви,Мелодрама,Драма,Романтическая страсть,Новинки (2020–2025),7.98,406705,Koizora,6.8,0
Love,Мелодрама,Драма,Романтическая страсть,Современное кино (2000–2020),6.379,842227,Love,6.1,5
Королевский роман,Мелодрама,Исторический,Историческая любовь,Современное кино (2000–2020),7.597,461124,En kongelig affære,7.5,7.3
Кид Гэлэхэд,Мелодрама,Драма,Романтическая страсть,Классика (до 2000 года),7.138,10737,Kid Galahad,7.2,0
Снова ты,Мелодрама,Драма,Романтическая страсть,Новинки (2020–2025),6.777,457276,You Again,5.7,4
Сирано де Бержерак,Мелодрама,Исторический,Историческая любовь,Классика (до 2000 года),7.67,20891,Cyrano de Bergerac,7.5,7.9
Воспитание чувств,Мелодрама,Драма,Романтическая страсть,Классика (до 2000 года),7.397,404414,An Education,7.2,7.9
Анна и командор,Мелодрама,Военный,Историческая любовь,Новинки (2020–2025),7.654,43496,,6.4,0
Любовное настроение,Мелодрама,Драма,Романтическая страсть,Современное кино (2000–2020),7.908,656,Faa yeung nin wa,8.1,8
Сердце пармы,Мелодрама,Исторический,Романтическая страсть,Новинки (2020–2025),7.542,1045585,,0,0
Виктория: История любви,Мелодрама,Драма,Романтическая страсть,Новинки (2020–2025),5.704,669841,Victoria,5.5,0
Поздняя любовь,Мелодрама,Драма,Романтическая страсть,Новинки (2020–2025),7.909,252103,,7.9,0
Стакан воды,Мелодрама,Исторический,Историческая любовь,Классика (до 2000 года),8.058,94752,,7.4,0
Сабрина,Мелодрама,Комедия,Романтическая страсть,Классика (до 2000 года),7.426,4544,Sabrina,6.3,6
Во имя любви,Мелодрама,Драма,Романтическая страсть,Современное кино (2000–2020),7.315,325750,Por Amor,7.5,0
Портрет в сумерках,Мелодрама,Исторический,Романтическая страсть,Современное кино (2000–2020),6.383,587505,,6.3,0
Вдова,Мелодрама,Драма,Трагический выбор,Новинки (2020–2025),4.874,999460,,4.2,0
Ландыш серебристый,Мелодрама,Драма,Романтическая страсть,Современное кино (2000–2020),7.272,41283,,6.5,0
Обыкновенная страсть,Мелодрама,Драма,Романтическая страсть,Современное кино (2000–2020),5.776,1245445,Passion simple,5.4,6.3
Бассейн,Мелодрама,Триллер,Романтическая страсть,Классика (до 2000 года),7.581,79427,La piscine,7.1,0
Объект моего восхищения,Мелодрама,Комедия,Романтическая страсть,Классика (до 2000 года),6.663,4894,The Object of My Affection,6,5.8
Дикая орхидея,Мелодрама,Драма,Романтическая страсть,Классика (до 2000 года),6.294,20992,Wild Orchid,4.5,2.9
Каждое любящее сердце,Мелодрама,Семейный,Семейная драма,Современное кино (2000–2020),7.86,64539,Har Dil Jo Pyar Karega...,5.1,0
Госпожа горничная,Мелодрама,Комедия,Романтическая страсть,Современное кино (2000–2020),6.76,4840,Maid in Manhattan,5.4,5.1
Шоколад,Мелодрама,Драма,Романтическая страсть,Современное кино (2000–2020),7.867,636,Chocolat,7.2,6
У нее будет ребенок,Мелодрама,Семейный,Семейная драма,Классика (до 2000 года),6.226,2463,She's Having a Baby,6,5.6
Нежность,Мелодрама,Драма,Романтическая страсть,Современное кино (2000–2020),8.121,1388641,,7.4,0
Одинокая женщина желает познакомиться,Мелодрама,Комедия,Романтическая страсть,Классика (до 2000 года),7.308,42725,,6.8,0
Её сердце,Мелодрама,Драма,Романтическая страсть,Новинки (2020–2025),6.783,258875,A Mighty Heart,6.6,7
Он и она,Мелодрама,Драма,Романтическая страсть,Классика (до 2000 года),7.375,1025671,Mr & Mme Adelman,7.3,0
Проверка на любовь,Мелодрама,Комедия,Романтическая страсть,Новинки (2020–2025),5.704,775506,,0,0
В ожидании выдоха,Мелодрама,Драма,Романтическая страсть,Классика (до 2000 года),6.117,4784,Waiting to Exhale,6,5.7
Вам и не снилось,Мелодрама,Драма,Романтическая страсть,Классика (до 2000 года),8.314,45660,,7.8,0
А вы любили когда-нибудь?,Мелодрама,Драма,Романтическая страсть,Современное кино (2000–2020),5.328,46778,,4.6,0
Весенние надежды,Мелодрама,Драма,Романтическая страсть,Новинки (2020–2025),6.608,484523,Hope Springs,6.3,6.6
Пена,Мелодрама,Фантастика,Романтическая страсть,Современное кино (2000–2020),6.236,42915,,6.3,0
Тихая гавань,Мелодрама,Драма,Романтическая страсть,Современное кино (2000–2020),7.22,557437,Safe Haven,6.7,4
P.S. Я люблю тебя,Мелодрама,Драма,Романтическая страсть,Современное кино (2000–2020),7.705,198028,P.S. I Love You,7,4.5
Ледяной цветок,Мелодрама,Исторический,Романтическая страсть,Современное кино (2000–2020),7.803,437392,Ssanghwajeom,7.1,0
Это чертово сердце,Мелодрама,Драма,Романтическая страсть,Новинки (2020–2025),8.028,1024435,Dieses bescheuerte Herz,6.9,0
Зальцбург-100: Богема,Мелодрама,Исторический,Романтическая страсть,Новинки (2020–2025),0,4559725,Salzburg-100: Le Nozze di Figaro,8,0
Лед 2,Мелодрама,Семейный,Романтическая страсть,Новинки (2020–2025),7.632,1227963,,6.4,0
Мать и мачеха,Мелодрама,Семейный,Семейная драма,Новинки (2020–2025),7.286,46559,,6.6,0
Принцесса Турандот,Мелодрама,Фэнтези,Романтическая страсть,Классика (до 2000 года),7.971,470892,,7.1,0
Вики Кристина Барселона,Мелодрама,Комедия,Романтическая страсть,Современное кино (2000–2020),7.157,278171,Vicky Cristina Barcelona,7.1,6.9
Любовь в словах и картинках,Мелодрама,Комедия,Романтическая страсть,Современное кино (2000–2020),6.896,679970,Words and Pictures,6.6,5.6
У реки два берега. Продолжение,Мелодрама,Драма,Романтическая страсть,Новинки (2020–2025),5.213,592305,,0,0
Лидия,Мелодрама,Драма,Романтическая страсть,Классика (до 2000 года),5.877,1115165,,0,0
Три метра над уровнем неба: Я тебя хочу,Мелодрама,Драма,Романтическая страсть,Современное кино (2000–2020),6.704,603616,Tengo ganas de ti,6.7,0
Комната с видом,Мелодрама,Исторический,Романтическая страсть,Классика (до 2000 года),7.069,6742,A Room with a View,7.2,8.4
Перед полуночью,Мелодрама,Драма,Романтическая страсть,Современное кино (2000–2020),7.601,687787,Before Midnight,7.9,8.7
Письмо трем женам,Мелодрама,Комедия,Семейная драма,Классика (до 2000 года),7.244,1144,A Letter to Three Wives,7.7,8.3
128 ударов сердца в минуту,Мелодрама,Комедия,Романтическая страсть,Новинки (2020–2025),6.856,841743,We Are Your Friends,6.2,5
Молодые сердца,Мелодрама,Драма,Романтическая страсть,Новинки (2020–2025),6.172,596234,Love and Honor,5.7,2.9
Один шанс на двоих,Мелодрама,Комедия,Романтическая страсть,Новинки (2020–2025),6.999,66425,1 chance sur 2,5.8,0
Девдас,Мелодрама,Драма,Трагический выбор,Современное кино (2000–2020),8.154,7945,Devdas,7.5,7.6
Тристан и Изольда,Мелодрама,Исторический,Романтическая страсть,Современное кино (2000–2020),7.297,61243,Tristan + Isolde,6.8,4.9
Начать с нуля,Мелодрама,Комедия,Романтическая страсть,Современное кино (2000–2020),6.845,1302958,Cambio tutto!,6,0
Личное,Мелодрама,Драма,Романтическая страсть,Новинки (2020–2025),6.783,397666,Personal Effects,6.2,3.9
Мост Ватерлоо,Мелодрама,Военный,Трагический выбор,Классика (до 2000 года),8.038,16759,Waterloo Bridge,7.7,6.4
Успеть до полуночи,Мелодрама,Драма,Романтическая страсть,Современное кино (2000–2020),7.74,3921,Midnight Run,7.5,8
Калейдоскоп поцелуев 3,Мелодрама,Комедия,Романтическая страсть,Новинки (2020–2025),6.051,1396212,The Kissing Booth 3,4.8,0
Храм любви,Мелодрама,Драма,Романтическая страсть,Новинки (2020–2025),7.686,208338,Pyar Ka Mandir,6,0
365 дней,Мелодрама,Триллер,Романтическая страсть,Новинки (2020–2025),5.069,1298149,365 dni,3.3,1.8
Любовницы,Мелодрама,Драма,Романтическая страсть,Современное кино (2000–2020),5.574,1100374,,4.7,0
Ее заветное желание,Мелодрама,Драма,Семейная драма,Новинки (2020–2025),7.141,161262,Nikita,7.5,0
Олеся,Мелодрама,Драма,Романтическая страсть,Классика (до 2000 года),7.207,42762,,6.6,0
Слепая любовь,Мелодрама,Драма,Романтическая страсть,Новинки (2020–2025),8.002,220205,Fanaa,7.1,0
До рассвета,Мелодрама,Драма,Романтическая страсть,Классика (до 2000 года),6.065,5254168,,0,0
Любовь с ограничениями,Мелодрама,Драма,Романтическая страсть,Новинки (2020–2025),6.51,893501,,5.8,0
Терминал,Мелодрама,Комедия,Романтическая страсть,Современное кино (2000–2020),8.123,6877,The Terminal,7.4,6.3
Моя кузина Рэйчел,Мелодрама,Исторический,Историческая любовь,Современное кино (2000–2020),5.883,934781,My Cousin Rachel,6,6.6
Измена,Мелодрама,Триллер,Романтическая страсть,Современное кино (2000–2020),6.177,642419,,6.2,0
Солнце тоже звезда,Мелодрама,Драма,Романтическая страсть,Современное кино (2000–2020),6.217,1122131,The Sun Is Also a Star,5.9,0
Смешанные чувства,Мелодрама,Драма,Романтическая страсть,Новинки (2020–2025),4.93,800882,,3.8,0
Вулкан страстей,Мелодрама,Драма,Романтическая страсть,Новинки (2020–2025),6.397,687852,Eyjafjallajökull,5.6,0
В лесу мерцания светлячков,Мелодрама,Фэнтези,Романтическая страсть,Современное кино (2000–2020),0,4326245,In the Forest,3.8,0
Танец-вспышка,Мелодрама,Драма,Романтическая страсть,Современное кино (2000–2020),7.179,4083,Flashdance,6.2,4.8
Любовь без размера,Мелодрама,Комедия,Романтическая страсть,Новинки (2020–2025),5.421,1398964,,0,0
Пурпурные сердца,Мелодрама,Драма,Романтическая страсть,Новинки (2020–2025),7.3,4633045,Purple Hearts,6.7,5.1
Уличные танцы 2,Мелодрама,Драма,Романтическая страсть,Современное кино (2000–2020),6.264,566270,StreetDance 2,5.6,4.4
До скорой встречи,Мелодрама,Драма,Романтическая страсть,Новинки (2020–2025),5.184,1047478,See You Soon,5.4,0
Ларец Марии Медичи,Мелодрама,Драма,Романтическая страсть,Современное кино (2000–2020),7.109,45041,,6.6,0
Шаг вперед 3D,Мелодрама,Драма,Романтическая страсть,Современное кино (2000–2020),7.215,409185,Step Up 3D,6.2,5.1
Счастливчик,Мелодрама,Драма,Романтическая страсть,Современное кино (2000–2020),7.114,461784,The Lucky One,6.4,4.2
Одна любовь на миллион,Мелодрама,Комедия,Романтическая страсть,Новинки (2020–2025),6.071,271977,,5.8,0
Мелодия на два голоса,Мелодрама,Семейный,Семейная драма,Классика (до 2000 года),6.978,331893,,6,0
Дон Жуан де Марко,Мелодрама,Комедия,Романтическая страсть,Классика (до 2000 года),7.591,7142,Don Juan DeMarco,6.7,6.2
Шаг вперед: Все или ничего,Мелодрама,Драма,Романтическая страсть,Современное кино (2000–2020),6.379,734276,Step Up All In,5.9,5.1
Суета сует,Мелодрама,Исторический,Историческая любовь,Современное кино (2000–2020),7.631,44041,,6.7,0
Одна встреча,Мелодрама,Драма,Романтическая страсть,Новинки (2020–2025),6.906,744515,Une rencontre,6.2,0
Этим летом,Мелодрама,Драма,Романтическая страсть,Новинки (2020–2025),5.445,1074841,Summer '03,5.5,6.6
Любовь зла,Мелодрама,Драма,Романтическая страсть,Новинки (2020–2025),7.121,5458881,,6.2,0
Небо измеряется милями,Мелодрама,Биографический,Романтическая страсть,Новинки (2020–2025),6.784,1245325,,5.6,0
Еще одна из рода Болейн,Мелодрама,Исторический,Историческая любовь,Современное кино (2000–2020),7.684,195435,The Other Boleyn Girl,6.7,5.3
Лавстори,Мелодрама,Драма,Романтическая страсть,Классика (до 2000 года),4.798,984365,,0,0
Неспящие в Сиэтле,Мелодрама,Комедия,Романтическая страсть,Классика (до 2000 года),7.692,1573,Sleepless in Seattle,6.8,6.6
Дважды рожденный,Мелодрама,Драма,Романтическая страсть,Современное кино (2000–2020),8.025,44344,,7.5,0
Африка,Мелодрама,Биографический,Романтическая страсть,Классика (до 2000 года),7.103,4365786,,0,0
Эммануэль и правда о рыбах,Мелодрама,Драма,Романтическая страсть,Новинки (2020–2025),6.758,580178,The Truth About Emanuel,6,4.8
Дон Сезар де Базан,Мелодрама,Исторический,Историческая любовь,Классика (до 2000 года),7.918,85130,,7.1,0
Пасхальный парад,Мелодрама,Комедия,Романтическая страсть,Классика (до 2000 года),7.163,13740,Easter Parade,7.3,7.7
Полночное солнце,Мелодрама,Драма,Романтическая страсть,Современное кино (2000–2020),7.07,924170,Midnight Sun,6.6,4.2
Мулен Руж,Мелодрама,Исторический,Романтическая страсть,Современное кино (2000–2020),7.851,558,Moulin Rouge!,7.6,7.1
Рождество на льду,Мелодрама,Семейный,Романтическая страсть,Новинки (2020–2025),6.65,1346996,Christmas on Ice,6.1,0
Мужчина и женщина,Мелодрама,Драма,Романтическая страсть,Классика (до 2000 года),7.946,19334,Un homme et une femme,7.5,6.4
Желтый платочек счастья,Мелодрама,Драма,Романтическая страсть,Новинки (2020–2025),0,603249,Shiawase no kiiroi hankachi,6.1,0
Дорогами любви,Мелодрама,Драма,Романтическая страсть,Классика (до 2000 года),8.087,38888,Chalte Chalte,6.5,6.5
Один день,Мелодрама,Драма,Романтическая страсть,Современное кино (2000–2020),7.851,495518,One Day,7,5.1
Выживут только любовники,Мелодрама,Фэнтези,Романтическая страсть,Современное кино (2000–2020),7.346,565819,Only Lovers Left Alive,7.2,7.5
Ночи в Роданте,Мелодрама,Драма,Романтическая страсть,Современное кино (2000–2020),7.117,278225,Nights in Rodanthe,6,4.8
Как один,Мелодрама,Драма,Трагический выбор,Современное кино (2000–2020),7.404,461903,,6.5,0
Телохранитель,Мелодрама,Боевик (Экшен),Романтическая страсть,Классика (до 2000 года),7.919,8143,The Bodyguard,6.4,5.2
Счастливый брак,Мелодрама,Фэнтези,Романтическая страсть,Новинки (2020–2025),5.433,686899,A Good Marriage,5.3,4.7
Лучшая жизнь,Мелодрама,Драма,Романтическая страсть,Современное кино (2000–2020),7.106,489847,A Better Life,7.2,6.9
Великолепие в траве,Мелодрама,Драма,Трагический выбор,Классика (до 2000 года),7.637,1290,Splendor in the Grass,7.7,7.2
Заза,Мелодрама,Драма,Трагический выбор,Классика (до 2000 года),7.167,437403,,6.6,0
Моя Госпожа,Мелодрама,Драма,Романтическая страсть,Современное кино (2000–2020),5.93,731475,My Mistress,5.4,4.5
Шепот сердца,Мелодрама,Семейный,Романтическая страсть,Классика (до 2000 года),8.302,32714,Mimi wo sumaseba,7.8,7.6
