Вилли Вонка и шоколадная фабрика,Семейный,Фэнтези,Детские приключения,Классика (до 2000 года),8.1
Вилли Вонка и шоколадная фабрика,Семейный,Фэнтези,Детские приключения,Классика (до 2000 года),7.362,8276,Willy Wonka & the Chocolate Factory,7.8,7.9
Лемони Сникет: 33 несчастья,Семейный,Фэнтези,Детские приключения,Современное кино (2000–2020),7.266,6035,A Series of Unfortunate Events,6.8,6.7
Кот,Семейный,Фэнтези,Истории с животными,Новинки (2020–2025),4.63,8065,The Cat in the Hat,4.1,3.4
Вперед,Семейный,Фэнтези,Детские приключения,Новинки (2020–2025),7.198,4971973,Алға,7.7,0
Лэсси,Семейный,Приключения,Истории с животными,Классика (до 2000 года),7.282,180153,Lassie,6.7,7.3
Кот Гром и заколдованный дом,Семейный,Фэнтези,Истории с животными,Новинки (2020–2025),6.828,751952,The House of Magic,6.2,6.1
Заклинательница акул,Семейный,Фэнтези,Истории с животными,Новинки (2020–2025),4.885,535660,Dark Tide,4.3,2.8
Норм и Несокрушимые,Семейный,Приключения,Истории с животными,Новинки (2020–2025),4.63,497199,Norm of the North,3.4,3
Маша и море,Семейный,Приключения,Детские приключения,Новинки (2020–2025),6.207,423026,,4.9,0
Упс! Ной уплыл...,Семейный,Комедия,Истории с животными,Современное кино (2000–2020),6.241,823073,Ooops! Noah Is Gone...,5.8,4.5
Лесной воин,Семейный,Фэнтези,Детские приключения,Классика (до 2000 года),6.173,198891,Forest Warrior,3.7,0
Призрачный патруль,Семейный,Фэнтези,Детские приключения,Новинки (2020–2025),6.382,462454,R.I.P.D.,5.6,3.7
Барашек Шон,Семейный,Комедия,Истории с животными,Современное кино (2000–2020),7.402,762778,Shaun the Sheep Movie,7.3,8.1
My Little Pony в кино,Семейный,Фэнтези,Детские приключения,Современное кино (2000–2020),7.111,928612,My Little Pony: The Movie,6.1,5.2
Бесподобный мистер Фокс,Семейный,Комедия,Истории с животными,Современное кино (2000–2020),7.981,86621,Fantastic Mr. Fox,7.9,7.9
Сказка о рыбаке и рыбке,Семейный,Фэнтези,Детские приключения,Классика (до 2000 года),8.093,438329,,7.5,0
Джунгли зовут! В поисках Марсупилами,Семейный,Приключения,Истории с животными,Новинки (2020–2025),6.316,566355,Sur la piste du Marsupilami,5.5,0
Отцы и деды,Семейный,Военный,Межпоколенческие драмы,Новинки (2020–2025),8.289,25079,,7.1,0
Неисправимый Рон,Семейный,Комедия,Семейные комедии,Новинки (2020–2025),7.615,1057873,Ron's Gone Wrong,7.1,6.7
Карлик Нос,Семейный,Фэнтези,Детские приключения,Классика (до 2000 года),7.409,50946,,6.7,0
Феи: Тайна зимнего леса,Семейный,Фэнтези,Детские приключения,Современное кино (2000–2020),7.422,409220,Secret of the Wings,7,5.4
Когда я стану великаном,Семейный,Фэнтези,Детские приключения,Новинки (2020–2025),8.09,44849,,7.4,0
Санта Лапус 2: Санта лапушки,Семейный,Фэнтези,Истории с животными,Современное кино (2000–2020),6.169,694391,Santa Paws 2: The Santa Pups,4.7,0
Полярный экспресс,Семейный,Фэнтези,Детские приключения,Современное кино (2000–2020),7.169,3755,The Polar Express,6.6,6.4
Миграция,Семейный,Приключения,Истории с животными,Новинки (2020–2025),7.19,4878248,Migration,6.6,6.3
Монстр-Траки,Семейный,Фантастика,Детские приключения,Современное кино (2000–2020),5.874,784331,Monster Trucks,5.7,4.6
Семейка бигфутов,Семейный,Фэнтези,Детские приключения,Новинки (2020–2025),7.627,1371715,Bigfoot Family,5.8,0
Цыпленок Цыпа,Семейный,Комедия,Истории с животными,Современное кино (2000–2020),7.686,1040563,,0,0
Два брата,Семейный,Приключения,Истории с животными,Современное кино (2000–2020),7.943,8905,Deux frères,7,6.6
Маша и медведь. Героями не рождаются,Семейный,Приключения,Детские приключения,Новинки (2020–2025),7.34,478491,,7.3,0
Приключения домовенка,Семейный,Фэнтези,Детские приключения,Новинки (2020–2025),8.191,418414,,7.6,0
Семейное счастье,Семейный,Мелодрама,Межпоколенческие драмы,Современное кино (2000–2020),6.711,7519124,,6.7,0
Храбрый заяц,Семейный,Приключения,Истории с животными,Новинки (2020–2025),7.881,257941,,7.1,0
Ночь в музее,Семейный,Фэнтези,Детские приключения,Современное кино (2000–2020),7.037,178580,Night at the Museum,6.5,5.2
Классный мюзикл,Семейный,Комедия,Семейные комедии,Современное кино (2000–2020),7.052,184432,High School Musical,5.6,5.7
Подержанные львы,Семейный,Комедия,Межпоколенческие драмы,Современное кино (2000–2020),7.782,7183,Secondhand Lions,7.5,6.1
Барашек Шон: Фермагеддон,Семейный,Комедия,Истории с животными,Современное кино (2000–2020),7.436,1022373,A Shaun the Sheep Movie: Farmageddon,6.8,7.5
Медведь,Семейный,Приключения,Истории с животными,Классика (до 2000 года),7.683,4481731,The Bear,8.5,0
Моя ужасная няня,Семейный,Фэнтези,Семейные комедии,Современное кино (2000–2020),7.126,77427,Nanny McPhee,6.6,6.7
Аэротачки,Семейный,Приключения,Детские приключения,Современное кино (2000–2020),4.062,648779,Sky Force 3D,3.2,0
Волк и семеро козлят на новый лад,Семейный,Фэнтези,Истории с животными,Новинки (2020–2025),7.317,45826,,7,0
Таинственный сад,Семейный,Фэнтези,Детские приключения,Новинки (2020–2025),7.055,737900,The Secret Garden,5.6,6.1
Три богатыря и Наследница престола,Семейный,Фэнтези,Детские приключения,Новинки (2020–2025),7.181,1113014,,5.6,0
Энканто,Семейный,Фэнтези,Межпоколенческие драмы,Новинки (2020–2025),7.484,775278,Encanto,7.2,7.5
Лягушка-путешественница,Семейный,Приключения,Истории с животными,Классика (до 2000 года),7.316,257971,,7.1,0
Семейка вампиров,Семейный,Комедия,Семейные комедии,Современное кино (2000–2020),6.279,687197,Die Vampirschwestern,5.6,0
Замбезия,Семейный,Приключения,Истории с животными,Современное кино (2000–2020),6.259,470993,Zambezia,5.7,5.2
Как поймать монстра,Семейный,Фэнтези,Детские приключения,Современное кино (2000–2020),5.879,701746,Lost River,5.7,4.6
В поисках Немо,Семейный,Приключения,Детские приключения,Современное кино (2000–2020),7.94,7908,Finding Nemo,8.2,8.7
Почтальон Пэт,Семейный,Комедия,Истории с животными,Современное кино (2000–2020),5.255,625889,Postman Pat: The Movie,4.7,4.7
София Прекрасная: История принцессы,Семейный,Фэнтези,Детские приключения,Современное кино (2000–2020),6.273,655695,Sofia the First: Once Upon a Princess,6.7,0
Ключ времени,Семейный,Приключения,Детские приключения,Классика (до 2000 года),6.084,1261545,,0,0
Остров собак,Семейный,Приключения,Истории с животными,Современное кино (2000–2020),8.141,939785,Isle of Dogs,7.8,8
Все псы попадают в рай 2,Семейный,Приключения,Истории с животными,Классика (до 2000 года),7.22,16235,All Dogs Go to Heaven 2,5.5,5.5
Волшебный голос Джельсомино,Семейный,Приключения,Детские приключения,Классика (до 2000 года),7.074,85214,,6.6,0
Тайная жизнь,Семейный,Комедия,Истории с животными,Современное кино (2000–2020),7.373,991632,A Hidden Life,7.4,7.4
Ребята с улицы,Семейный,Приключения,Детские приключения,Классика (до 2000 года),7.67,3741,Boyz n the Hood,7.8,8.4
Принцесса Льда,Семейный,Фэнтези,Детские приключения,Новинки (2020–2025),6.786,77781,Ice Princess,6.1,5.6
Умка ищет друга,Семейный,Приключения,Истории с животными,Классика (до 2000 года),8.106,438264,,7.3,0
Добро пожаловать к Райли,Семейный,Комедия,Семейные комедии,Новинки (2020–2025),7.13,406210,Welcome to the Rileys,6.9,5.6
Олененок Рудольф,Семейный,Фэнтези,Истории с животными,Классика (до 2000 года),7.547,102707,Rudolph the Red-Nosed Reindeer: The Movie,5.9,6.3
Крошка из Беверли-Хиллз 2,Семейный,Комедия,Истории с животными,Современное кино (2000–2020),5.796,472365,Beverly Hills Chihuahua 2,4.3,0
Пэн: Путешествие в Нетландию,Семейный,Фэнтези,Детские приключения,Современное кино (2000–2020),6.16,808093,Pan,5.7,4.6
Пеппи Длинныйчулок,Семейный,Приключения,Детские приключения,Классика (до 2000 года),6.843,94998,,6.2,0
Дорога домой: Невероятное путешествие,Семейный,Приключения,Истории с животными,Классика (до 2000 года),7.93,15933,Homeward Bound: The Incredible Journey,7,7
Красавица и чудовище: Чудесное Рождество,Семейный,Фэнтези,Детские приключения,Классика (до 2000 года),6.747,229366,Beauty and the Beast: The Enchanted Christmas,5.9,4.1
Мы — одна команда,Семейный,Приключения,Истории с животными,Новинки (2020–2025),7.585,251916,We Are Marshall,7.1,5.8
Зубастики,Семейный,Фэнтези,Детские приключения,Новинки (2020–2025),6.746,2432,Critters,6.1,5.5
Жил-был кот,Семейный,Комедия,Истории с животными,Новинки (2020–2025),6.854,993612,Rudolf The Black Cat,6.6,0
Бобик в гостях у Барбоса,Семейный,Комедия,Истории с животными,Классика (до 2000 года),8.375,391177,,7.8,0
История игрушек: Большой побег,Семейный,Фантастика,Детские приключения,Современное кино (2000–2020),7.854,258328,Toy Story 3,8.3,8.9
Приключения Винни Пуха,Семейный,Комедия,Детские приключения,Классика (до 2000 года),7.654,8223,The Many Adventures of Winnie the Pooh,7.5,8.6
Снежные псы,Семейный,Комедия,Истории с животными,Современное кино (2000–2020),7.11,2755,Snow Dogs,5.2,4.1
День курка,Семейный,Комедия,Истории с животными,Новинки (2020–2025),7.186,1101569,Boss Level,6.8,6.5
Гарфилд 2: История двух кошечек,Семейный,Комедия,Истории с животными,Современное кино (2000–2020),6.288,104937,Garfield: A Tale of Two Kitties,5,3.6
Агент Коди Бэнкс,Семейный,Боевик (Экшен),Детские приключения,Современное кино (2000–2020),5.616,3844,Agent Cody Banks,5.1,5.2
Большое путешествие,Семейный,Приключения,Истории с животными,Современное кино (2000–2020),7.094,1114973,,4.8,0
Снежная королева 3: Огонь и Лед,Семейный,Фэнтези,Детские приключения,Современное кино (2000–2020),6.353,905034,,6,0
Капризная принцесса,Семейный,Фэнтези,Детские приключения,Современное кино (2000–2020),8.014,259994,,7.1,0
Барбос в гостях у Бобика,Семейный,Комедия,Истории с животными,Классика (до 2000 года),7.555,430480,,6.2,0
Путешествие с домашними животными,Семейный,Комедия,Истории с животными,Новинки (2020–2025),6.786,373067,,7,0
Стюарт Литтл,Семейный,Фэнтези,Истории с животными,Классика (до 2000 года),6.796,5327,Stuart Little,6,6.4
Муми-тролль и другие,Семейный,Фэнтези,Детские приключения,Классика (до 2000 года),7.377,104386,,7.3,0
Мэри и ведьмин цветок,Семейный,Фэнтези,Детские приключения,Современное кино (2000–2020),7.392,1008415,Meari to majo no hana,6.8,6.9
Балто,Семейный,Приключения,Истории с животными,Классика (до 2000 года),8.326,7097,Balto,7.1,5.9
Семейка Крудс: Новоселье,Семейный,Комедия,Детские приключения,Новинки (2020–2025),7.37,758178,The Croods: A New Age,6.9,6.4
Головоломка,Семейный,Комедия,Детские приключения,Современное кино (2000–2020),8.079,645118,Inside Out,8.1,8.9
Красавица и чудовище,Семейный,Фэнтези,Детские приключения,Классика (до 2000 года),8.269,540,Beauty and the Beast,8,0
Кунг-Фу Панда 2,Семейный,Боевик (Экшен),Истории с животными,Современное кино (2000–2020),7.395,427878,Kung Fu Panda 2,7.3,6.9
Национальный бархат,Семейный,Приключения,Истории с животными,Классика (до 2000 года),7.284,14128,National Velvet,7.3,8
Никита Кожемяка,Семейный,Фэнтези,Детские приключения,Современное кино (2000–2020),5.703,592304,,5.2,0
Ночь в музее: Секрет гробницы,Семейный,Фэнтези,Детские приключения,Современное кино (2000–2020),6.599,737543,Night at the Museum: Secret of the Tomb,6.2,5
Наша Маша и Волшебный орех,Семейный,Фэнтези,Детские приключения,Новинки (2020–2025),1.727,259991,,2,0
Подарок на Рождество,Семейный,Комедия,Семейные комедии,Новинки (2020–2025),6.717,6300,Jingle All the Way,5.8,4.4
Карлсон вернулся,Семейный,Комедия,Детские приключения,Новинки (2020–2025),8.532,44718,,7.9,0
Гринч — похититель Рождества,Семейный,Фэнтези,Семейные комедии,Современное кино (2000–2020),6.841,5056,How the Grinch Stole Christmas,6.4,5.5
Доктор Дулиттл,Семейный,Фэнтези,Истории с животными,Классика (до 2000 года),6.58,1961,Doctor Dolittle,5.4,5.2
"Мэри Поппинс, до свидания",Семейный,Фэнтези,Детские приключения,Современное кино (2000–2020),8.103,77333,,7.5,0
Питомец Юрского периода,Семейный,Фантастика,Истории с животными,Новинки (2020–2025),5.301,1119230,The Adventures of Jurassic Pet,3.8,0
История Хатико,Семейный,Драма,Истории с животными,Современное кино (2000–2020),8.13,38145,Hachiko monogatari,7.9,0
Смешарики. Дежавю,Семейный,Фантастика,Истории с животными,Новинки (2020–2025),7.126,841470,,5.5,0
Мой ужасный сосед,Семейный,Комедия,Семейные комедии,Новинки (2020–2025),7.678,1074910,A Man Called Otto,7.5,6.1
Пушистые против зубастых,Семейный,Комедия,Истории с животными,Новинки (2020–2025),5.182,586318,The Outback,4.7,0
Как приручить дракона 2,Семейный,Фэнтези,Истории с животными,Современное кино (2000–2020),7.964,512883,How to Train Your Dragon 2,7.8,7.8
Король Лев 2: Гордость Симбы,Семейный,Фэнтези,Истории с животными,Классика (до 2000 года),7.843,77038,The Lion King II: Simba's Pride,6.4,6.1
Месть пушистых,Семейный,Комедия,Истории с животными,Новинки (2020–2025),5.17,485351,Furry Vengeance,3.9,2.8
Пингвины мистера Поппера,Семейный,Комедия,Истории с животными,Современное кино (2000–2020),6.819,463577,Mr. Popper's Penguins,6,5.2
Железяки,Семейный,Фантастика,Детские приключения,Новинки (2020–2025),6.426,732013,Yak,5.6,0
Щелкунчик и четыре королевства,Семейный,Фэнтези,Детские приключения,Современное кино (2000–2020),6.175,975292,The Nutcracker and the Four Realms,5.6,5.1
Бука. Мое любимое чудище,Семейный,Фэнтези,Детские приключения,Новинки (2020–2025),7.713,893508,,0,0
Белоснежка,Семейный,Фэнтези,Детские приключения,Классика (до 2000 года),4.302,1009713,Snow White,2.2,5.1
Неваляшка 2,Семейный,Комедия,Детские приключения,Новинки (2020–2025),4.177,585350,,3.6,0
Потерянный орех,Семейный,Приключения,Детские приключения,Новинки (2020–2025),7.73,229686,Gone Nutty,7.3,0
Странная жизнь Тимоти Грина,Семейный,Фэнтези,Семейные комедии,Современное кино (2000–2020),7.063,468996,The Odd Life of Timothy Green,6.6,5.2
По следам бременских музыкантов,Семейный,Комедия,Детские приключения,Классика (до 2000 года),8.439,43009,,7.8,0
Олли и сокровища пиратов,Семейный,Приключения,Детские приключения,Новинки (2020–2025),6.72,822681,Dive Olly Dive and the Pirate Treasure,5.4,0
Гуси-лебеди,Семейный,Фэнтези,Детские приключения,Классика (до 2000 года),8.042,258001,,7.2,0
Уличный кот по кличке Боб,Семейный,Биографический,Истории с животными,Современное кино (2000–2020),7.746,930442,A Street Cat Named Bob,7.3,5.9
Книга драконов,Семейный,Фэнтези,Детские приключения,Современное кино (2000–2020),6.64,648466,Book of Dragons,6.3,0
Корпорация Монстров,Семейный,Фантастика,Детские приключения,Современное кино (2000–2020),8.131,458,Monsters, Inc.,8.1,8.1
Мой Хатико,Семейный,Драма,Истории с животными,Новинки (2020–2025),8.546,4395219,Zhong quan ba gong,7.2,0
Мой парень из зоопарка,Семейный,Комедия,Истории с животными,Современное кино (2000–2020),6.082,424301,Zookeeper,5.2,3.6
Лисенок Вук,Семейный,Приключения,Истории с животными,Классика (до 2000 года),7.868,69491,Vuk,8.3,0
Рыбка Поньо на утесе,Семейный,Фэнтези,Детские приключения,Современное кино (2000–2020),7.966,261127,Gake no ue no Ponyo,7.6,7.6
Лука,Семейный,Фэнтези,Детские приключения,Новинки (2020–2025),7.79,1395801,Luca,7.4,7.3
Зачарованная,Семейный,Фэнтези,Семейные комедии,Современное кино (2000–2020),7.033,106165,Enchanted,7.1,7.3
Лис и пёс,Семейный,Драма,Истории с животными,Классика (до 2000 года),8.205,16117,The Fox and the Hound,7.2,6.5
Хатико: Самый верный друг,Семейный,Драма,Истории с животными,Современное кино (2000–2020),8.379,387556,Hachi: A Dog's Tale,8.1,5.9
Хранители снов,Семейный,Фэнтези,Детские приключения,Современное кино (2000–2020),7.956,466581,Rise of the Guardians,7.2,6.6
Ер-Тостик и Айдахар,Семейный,Приключения,Детские приключения,Новинки (2020–2025),0,745710,,0,0
Дети-шпионы,Семейный,Боевик (Экшен),Детские приключения,Современное кино (2000–2020),4.667,8015633,,3.4,0
Шрэк: Хэллоуин,Семейный,Комедия,Семейные комедии,Современное кино (2000–2020),6.778,570085,Scared Shrekless,6.7,0
Чудо на 34-й улице,Семейный,Комедия,Семейные комедии,Классика (до 2000 года),7.421,6851,Miracle on 34th Street,6.6,6.2
Маленькая колдунья,Семейный,Фэнтези,Детские приключения,Современное кино (2000–2020),7.909,255214,,6.5,0
Лего Фильм,Семейный,Комедия,Детские приключения,Современное кино (2000–2020),7.186,471644,The Lego Movie,7.7,8.2
Папина дочка,Семейный,Комедия,Семейные комедии,Современное кино (2000–2020),6.642,1118223,Le prince oublié,5.4,5
Альфа и Омега: Клыкастая братва,Семейный,Приключения,Истории с животными,Современное кино (2000–2020),6.324,409388,Alpha and Omega,5.1,4.2
Лига монстров,Семейный,Комедия,Семейные комедии,Современное кино (2000–2020),6.472,1237954,Rumble,5.9,5.2
Покемон. Детектив Пикачу,Семейный,Детектив,Детские приключения,Современное кино (2000–2020),6.598,994864,Pokémon: Detective Pikachu,6.5,6
Бетховен,Семейный,Комедия,Истории с животными,Классика (до 2000 года),7.274,15635,Beethoven,5.7,4.7
Меч в камне,Семейный,Фэнтези,Детские приключения,Классика (до 2000 года),7.982,19382,The Sword in the Stone,7.1,6
Варежка,Семейный,Приключения,Детские приключения,Новинки (2020–2025),8.239,258016,,7.7,0
Дед Мороз и Серый волк,Семейный,Фэнтези,Детские приключения,Новинки (2020–2025),8.171,44111,,7.6,0
Лоракс,Семейный,Фэнтези,Детские приключения,Современное кино (2000–2020),6.704,470036,The Lorax,6.4,8
Райя и последний дракон,Семейный,Фэнтези,Детские приключения,Новинки (2020–2025),8.068,1015471,Raya and the Last Dragon,7.3,7.7
Тайна Коко,Семейный,Фэнтези,Межпоколенческие драмы,Современное кино (2000–2020),8.723,679486,Coco,8.4,8.3
Кошки против собак,Семейный,Комедия,Истории с животными,Современное кино (2000–2020),6.02,3892,Cats & Dogs,5.2,5.5
Чук и Гек. Большое приключение,Семейный,Приключения,Детские приключения,Современное кино (2000–2020),6.616,1346357,,0,0
Клуб Винкс: Тайна морской бездны,Семейный,Фэнтези,Детские приключения,Современное кино (2000–2020),3.918,836877,Winx Club: Il mistero degli abissi,5.5,0
Кунг-фу Панда,Семейный,Комедия,Истории с животными,Современное кино (2000–2020),7.815,103734,Kung Fu Panda,7.6,7.1
Кунг-Фу Панда: Загадки свитка,Семейный,Фэнтези,Истории с животными,Современное кино (2000–2020),7.034,965632,Kung Fu Panda: Secrets of the Scroll,6.9,0
Дети небес,Семейный,Драма,Детские приключения,Классика (до 2000 года),8.014,76749,Bacheha-Ye aseman,8.2,7.7
Невероятные приключения кота,Семейный,Приключения,Истории с животными,Новинки (2020–2025),6.33,779289,Oggy et les cafards,6.5,0
Земля медведей,Семейный,Приключения,Истории с животными,Новинки (2020–2025),7.82,738837,Terre des ours,7,0
Вольт,Семейный,Приключения,Истории с животными,Современное кино (2000–2020),7.269,70955,Bolt,6.8,7.2
Возвращение домовенка,Семейный,Фэнтези,Детские приключения,Современное кино (2000–2020),8.078,45882,,7.5,0
Монстры на каникулах 2,Семейный,Комедия,Семейные комедии,Современное кино (2000–2020),7.17,716891,Hotel Transylvania 2,6.6,5.3
Барби: Супер Принцесса,Семейный,Фэнтези,Детские приключения,Современное кино (2000–2020),4.866,849028,Barbie in Princess Power,5.3,0
Букашки 2,Семейный,Комедия,Истории с животными,Современное кино (2000–2020),8.082,1192848,Minuscule 2: Les mandibules du bout du monde,6.9,0
Феи: Волшебное спасение,Семейный,Фэнтези,Детские приключения,Современное кино (2000–2020),7.323,409219,Tinker Bell and the Great Fairy Rescue,6.8,5.7
Иван Царевич и Серый Волк 2,Семейный,Фэнтези,Истории с животными,Современное кино (2000–2020),5.413,707217,,5.2,0
Лего Фильм 2,Семейный,Фэнтези,Детские приключения,Современное кино (2000–2020),6.619,829407,The Lego Movie 2: The Second Part,6.5,7
Жил-был пес,Семейный,Фэнтези,Истории с животными,Современное кино (2000–2020),9.196,45319,,8.4,0
Бетховен 4,Семейный,Комедия,Истории с животными,Современное кино (2000–2020),5.056,79749,Beethoven's 4th,4.1,4.1
Пушистый шпион,Семейный,Комедия,Истории с животными,Новинки (2020–2025),7.098,993213,Marnies Welt,5.4,0
Вилли Вонка и шоколадная фабрика,Семейный,Фэнтези,Детские приключения,Классика (до 2000 года),8.1
Путешествие к рождественской звезде,Семейный,Приключения,Детские приключения,Современное кино (2000–2020),6.427,619080,Reisen til julestjernen,5.7,0
Медведи-соседи,Семейный,Комедия,Истории с животными,Новинки (2020–2025),4.109,840858,Xiong chu mo: Duo Bao Xiong Bing,4.9,0
Неваляшка,Семейный,Комедия,Семейные комедии,Новинки (2020–2025),6.13,261359,,5.6,0
Чудеса с небес,Семейный,Драма,Межпоколенческие драмы,Современное кино (2000–2020),7.064,910532,Miracles from Heaven,7.1,5.1
Горшочек каши,Семейный,Фэнтези,Детские приключения,Классика (до 2000 года),7.313,260004,,7.1,0
Принцесса и нищий,Семейный,Фэнтези,Детские приключения,Современное кино (2000–2020),7.224,161016,,6.4,0
Гарри и Хендерсоны,Семейный,Фэнтези,Истории с животными,Классика (до 2000 года),6.846,2795,Harry and the Hendersons,6.1,5.2
Фердинанд,Семейный,Приключения,Истории с животными,Современное кино (2000–2020),7.69,818144,Ferdinand,6.7,6.2
Тролли,Семейный,Фэнтези,Детские приключения,Современное кино (2000–2020),6.76,689774,Trolls,6.4,6.3
Побег с планеты Земля,Семейный,Фантастика,Детские приключения,Современное кино (2000–2020),6.382,601797,Escape from Planet Earth,5.8,4.7
Маленькая принцесса,Семейный,Драма,Детские приключения,Классика (до 2000 года),8.137,41591,,6.5,0
Сын русалки,Семейный,Фэнтези,Детские приключения,Новинки (2020–2025),5.932,251701,The Thirteenth Year,5.9,6.4
Барбоскины на даче,Семейный,Комедия,Семейные комедии,Новинки (2020–2025),8.408,1249181,,5.5,0
Дорога домой 2: Затерянные в Сан-Франциско,Семейный,Приключения,Истории с животными,Классика (до 2000 года),7.643,8944,Homeward Bound II: Lost in San Francisco,5.9,6.1
Монстры на каникулах 3: Море зовет,Семейный,Комедия,Семейные комедии,Современное кино (2000–2020),6.888,950968,Hotel Transylvania 3: Summer Vacation,6.3,5.5
Гарфилд,Семейный,Комедия,Истории с животными,Новинки (2020–2025),6.822,8932,Garfield: The Movie,5.1,3.6
Драконы: Подарок ночной фурии,Семейный,Фэнтези,Истории с животными,Современное кино (2000–2020),7.88,629940,Dragons: Gift of the Night Fury,7.4,0
Принцесса и лягушка,Семейный,Фэнтези,Детские приключения,Современное кино (2000–2020),7.21,279728,The Princess and the Frog,7.2,7.4
Ледниковый период 4: Континентальный дрейф,Семейный,Приключения,Истории с животными,Современное кино (2000–2020),6.904,522180,Ice Age: Continental Drift,6.5,5.1
За тридевять земель,Семейный,Фэнтези,Детские приключения,Новинки (2020–2025),6.034,684471,Resan till fjäderkungens rike,6,0
Союз зверей,Семейный,Приключения,Истории с животными,Новинки (2020–2025),5.669,497301,Die Konferenz der Tiere,4.9,3.8
102 далматинца,Семейный,Комедия,Истории с животными,Современное кино (2000–2020),6.103,8174,102 Dalmatians,4.9,4.4
Королева Шантеклера,Семейный,Комедия,Истории с животными,Новинки (2020–2025),7.037,35380,La reina del Chantecler,6.2,0
Кошки против собак: Месть Китти Галор,Семейный,Комедия,Истории с животными,Современное кино (2000–2020),5.343,424560,Cats & Dogs: The Revenge of Kitty Galore,4.4,3.8
Двенадцать месяцев,Семейный,Фэнтези,Детские приключения,Классика (до 2000 года),8.165,46788,,7.4,0
Букашки. Приключение в Долине муравьев,Семейный,Приключения,Истории с животными,Новинки (2020–2025),7.132,708278,Minuscule: La vallée des fourmis perdues,7.1,6.7
Того,Семейный,Биографический,Истории с животными,Современное кино (2000–2020),8.013,1173444,Togo,7.9,7.5
Земля до начала времен,Семейный,Приключения,Детские приключения,Классика (до 2000 года),8.035,7107,The Land Before Time,7.4,6.5
Крошка Енот,Семейный,Комедия,Истории с животными,Новинки (2020–2025),7.997,395343,,7.4,0
Айболит-66,Семейный,Комедия,Истории с животными,Классика (до 2000 года),7.16,43431,,6.7,0
Лиса Патрикеевна,Семейный,Комедия,Истории с животными,Новинки (2020–2025),7.227,257937,,6.6,0
Паспорт в Париж,Семейный,Комедия,Семейные комедии,Современное кино (2000–2020),6.759,94648,Passport to Paris,5.3,4.7
Стальной гигант,Семейный,Фантастика,Детские приключения,Классика (до 2000 года),8.123,538,The Iron Giant,8.1,8.2
Дед Мороз и лето,Семейный,Фэнтези,Детские приключения,Новинки (2020–2025),8.187,44110,,7.3,0
Монстры против пришельцев,Семейный,Фантастика,Детские приключения,Современное кино (2000–2020),6.604,280173,Monsters vs Aliens,6.4,6.5
Вэлиант: Пернатый спецназ,Семейный,Комедия,Истории с животными,Современное кино (2000–2020),6.228,61425,Valiant,5.5,5
Расмус-бродяга,Семейный,Приключения,Детские приключения,Классика (до 2000 года),7.215,426329,,7.9,0
Король Лев,Семейный,Приключения,Истории с животными,Классика (до 2000 года),8.775,2360,The Lion King,8.5,8.6
Питер Пэн и Алиса в Стране чудес,Семейный,Фэнтези,Детские приключения,Новинки (2020–2025),4.442,978106,Come Away,5.7,5
Цветик-Семицветик,Семейный,Фэнтези,Детские приключения,Классика (до 2000 года),8.106,257883,,6.8,0
Бобры идут по следу,Семейный,Детектив,Истории с животными,Современное кино (2000–2020),6.985,46155,,6.9,0
Гу-га,Семейный,Комедия,Истории с животными,Новинки (2020–2025),6.786,44617,,6.2,0
Стюарт Литтл 2,Семейный,Комедия,Истории с животными,Современное кино (2000–2020),6.193,5326,Stuart Little 2,5.5,6.9
Рио 2,Семейный,Приключения,Истории с животными,Современное кино (2000–2020),6.721,677437,Rio 2,6.3,5.4
Ледниковый Период: Погоня за яйцами,Семейный,Приключения,Истории с животными,Современное кино (2000–2020),5.917,965633,Ice Age: The Great Egg-Scapade,5.9,0
Дружок,Семейный,Комедия,Истории с животными,Новинки (2020–2025),8.143,95204,,7.1,0
Маленькая рыбка,Семейный,Приключения,Истории с животными,Новинки (2020–2025),6.718,1245545,Little Fish,7,7.4
Кролик Питер 2,Семейный,Приключения,Истории с животными,Новинки (2020–2025),7.363,1122117,Peter Rabbit 2: The Runaway,6.2,6.1
Дети шпионов 2: Остров несбывшихся надежд,Семейный,Боевик (Экшен),Детские приключения,Современное кино (2000–2020),6.166,842,Spy Kids 2: Island of Lost Dreams,5.3,6.6
Земля: Один потрясающий день,Семейный,Приключения,Истории с животными,Современное кино (2000–2020),8.978,1029333,Earth: One Amazing Day,7.8,6.7
Винни Пух идет в гости,Семейный,Комедия,Детские приключения,Классика (до 2000 года),8.815,45781,,8.2,0
Моя ужасная сестра,Семейный,Комедия,Семейные комедии,Новинки (2020–2025),7.419,1445167,,0,0
Барби: Балерина в розовых пуантах,Семейный,Фэнтези,Детские приключения,Современное кино (2000–2020),6.551,478052,Barbie,6.8,8
Бэйб: Поросенок в городе,Семейный,Комедия,Истории с животными,Классика (до 2000 года),6.071,1767,Babe: Pig in the City,5.9,6.5
Маша и медведь. Как хорошо мы подружились!,Семейный,Комедия,Истории с животными,Современное кино (2000–2020),6.528,952664,,0,0
Бетховен 3,Семейный,Комедия,Истории с животными,Современное кино (2000–2020),5.364,79750,Beethoven's 3rd,4.1,3.6
Суперсемейка,Семейный,Фантастика,Семейные комедии,Современное кино (2000–2020),7.622,38903,The Incredibles,8,8.4
Элвин и бурундуки 2,Семейный,Комедия,Истории с животными,Современное кино (2000–2020),5.732,414987,Alvin and the Chipmunks: The Squeakquel,4.6,4
Щелкунчик,Семейный,Фэнтези,Детские приключения,Современное кино (2000–2020),8.057,276371,,7.5,0
Классный мюзикл 3: Выпускной,Семейный,Комедия,Семейные комедии,Современное кино (2000–2020),7.085,279134,High School Musical 3: Senior Year,5,6
Снежный человек,Семейный,Фэнтези,Детские приключения,Современное кино (2000–2020),6.395,431241,,5.6,0
Коты-аристократы,Семейный,Приключения,Истории с животными,Классика (до 2000 года),8.132,26656,The AristoCats,7.1,5.8
Сказка о звездном мальчике,Семейный,Фэнтези,Детские приключения,Классика (до 2000 года),7.763,95206,,7.1,0
"Здравствуй, Дедушка Мороз!",Семейный,Комедия,Семейные комедии,Новинки (2020–2025),6.882,4667996,,4.3,0
Отель для собак,Семейный,Комедия,Истории с животными,Современное кино (2000–2020),6.618,395036,Hotel for Dogs,5.5,5.3
Элвин и бурундуки,Семейный,Комедия,Истории с животными,Современное кино (2000–2020),6.253,278361,Alvin and the Chipmunks,5.3,4.5
Маша и медведь. Запутанные истории,Семейный,Комедия,Истории с животными,Новинки (2020–2025),6.809,917786,,0,0
Дядюшка Ау в городе,Семейный,Фэнтези,Детские приключения,Классика (до 2000 года),7.757,44369,,7.2,0
Айнбо. Сердце Амазонии,Семейный,Приключения,Детские приключения,Новинки (2020–2025),6.829,1113699,AINBO: Spirit of the Amazon,4.9,0
"Баранкин, будь человеком!",Семейный,Фэнтези,Детские приключения,Новинки (2020–2025),7.5,431160,,6.8,0
Сезон охоты 3,Семейный,Приключения,Истории с животными,Современное кино (2000–2020),5.744,518041,Open Season 3,5,0
Белая птица. Новое чудо,Семейный,Фэнтези,Межпоколенческие драмы,Новинки (2020–2025),8.417,4384109,White Bird,7.3,0
Олаф и холодное приключение,Семейный,Приключения,Детские приключения,Современное кино (2000–2020),7.203,959274,Olaf's Frozen Adventure,5.7,0
Верните Рекса,Семейный,Комедия,Истории с животными,Современное кино (2000–2020),8.333,260142,,7.4,0
Океаны,Семейный,Приключения,Истории с животными,Современное кино (2000–2020),8.312,460089,Océans,7.7,7.5
Семейка Аддамс: Горящий тур,Семейный,Комедия,Семейные комедии,Новинки (2020–2025),6.748,1313395,The Addams Family 2,5.4,4.6
Семейка монстров,Семейный,Комедия,Семейные комедии,Современное кино (2000–2020),6.669,464379,The Boxtrolls,6.8,7.1
Щенячий патруль: Мегащенки,Семейный,Фантастика,Истории с животными,Новинки (2020–2025),6.203,1244909,Paw Patrol: Mighty Pups,0,0
В гости к Робинсонам,Семейный,Фантастика,Детские приключения,Современное кино (2000–2020),7.316,70954,Meet the Robinsons,6.8,6.4
Пес Барбос и необычный кросс,Семейный,Комедия,Истории с животными,Современное кино (2000–2020),8.175,161339,,7.7,0
Бетховен 5,Семейный,Комедия,Истории с животными,Современное кино (2000–2020),4.88,13305,Beethoven's 5th,4.1,0
На Муромской дорожке,Семейный,Фэнтези,Детские приключения,Современное кино (2000–2020),7.387,41534,,6.4,0
Три богатыря и принцесса Египта,Семейный,Приключения,Детские приключения,Новинки (2020–2025),5.987,1038154,,4.4,0
Семейка Крудс,Семейный,Приключения,Детские приключения,Современное кино (2000–2020),7.627,198116,The Croods,7.1,6.6
Иван Царевич и Серый Волк 3,Семейный,Фэнтези,Детские приключения,Современное кино (2000–2020),6.277,705346,,5.5,0
Новые приключения Аладдина,Семейный,Фэнтези,Детские приключения,Новинки (2020–2025),6.018,895502,Les nouvelles aventures d'Aladin,4.8,0
Трое мужчин и маленькая леди,Семейный,Комедия,Семейные комедии,Классика (до 2000 года),7.117,7065,3 Men and a Little Lady,5.5,4.4
Братья Супер Марио в кино,Семейный,Фэнтези,Детские приключения,Новинки (2020–2025),7.009,1111005,The Super Mario Bros. Movie,7,5.8
Огонек-Огниво,Семейный,Фэнтези,Детские приключения,Новинки (2020–2025),7.511,1291065,,5.4,0
Ищите маму,Семейный,Приключения,Детские приключения,Новинки (2020–2025),6.448,732452,,0,0
Храбрый портняжка,Семейный,Комедия,Детские приключения,Классика (до 2000 года),7.661,438418,,6.9,0
Кунг-фу Панда 2,Семейный,Приключения,Истории с животными,Современное кино (2000–2020),7.395,427878,Kung Fu Panda 2,7.3,6.9
Смурфики 2,Семейный,Комедия,Семейные комедии,Современное кино (2000–2020),5.987,603191,The Smurfs 2,5.3,4.1
Мой белый и пушистый,Семейный,Комедия,Истории с животными,Новинки (2020–2025),5.902,838460,,0,0
Гадкий утенок,Семейный,Фэнтези,Истории с животными,Классика (до 2000 года),6.205,468282,,6.6,0
Тачки 2,Семейный,Приключения,Детские приключения,Современное кино (2000–2020),6.816,409013,Cars 2,6.2,5.5
Белль и Себастьян: друзья навек,Семейный,Приключения,Истории с животными,Современное кино (2000–2020),7.982,1051470,Belle et Sébastien 3, le dernier chapitre,6.3,0
Пластилиновая ворона,Семейный,Приключения,Детские приключения,Современное кино (2000–2020),8.136,42991,,8.1,0
К-9: Рождественские приключения,Семейный,Комедия,Истории с животными,Современное кино (2000–2020),5.838,708792,K-9 Adventures: A Christmas Tale,4.8,0
Привет семье!,Семейный,Комедия,Семейные комедии,Новинки (2020–2025),6.856,4887,The Family Stone,6.3,5.9
Супербратья Марио,Семейный,Фэнтези,Детские приключения,Новинки (2020–2025),5.415,2282,Super Mario Bros.,4.2,4.1
Город Эмбер: Побег,Семейный,Фантастика,Детские приключения,Современное кино (2000–2020),6.789,279916,City of Ember,6.4,5.6
Стрела улетает в сказку,Семейный,Фэнтези,Детские приключения,Классика (до 2000 года),7.406,460256,,7.2,0
Соник 2 в кино,Семейный,Фантастика,Детские приключения,Новинки (2020–2025),6.471,1387469,Sonic the Hedgehog 2,6.5,6
Я родом из детства,Семейный,Военный,Межпоколенческие драмы,Новинки (2020–2025),7.423,272860,,6.9,0
Братва из джунглей,Семейный,Комедия,Истории с животными,Новинки (2020–2025),4.979,404317,Delhi Safari,5.5,0
Мой друг мистер Персиваль,Семейный,Комедия,Семейные комедии,Новинки (2020–2025),7.967,809823,Storm Boy,6.9,6.2
Три толстяка,Семейный,Приключения,Детские приключения,Классика (до 2000 года),7.791,42307,,7.2,0
Путешествие муравья,Семейный,Комедия,Истории с животными,Классика (до 2000 года),8.446,43361,,7.9,0
Белый Бог,Семейный,Драма,Истории с животными,Современное кино (2000–2020),6.625,757182,Fehér isten,6.8,7.5
Рок Дог,Семейный,Комедия,Истории с животными,Современное кино (2000–2020),6.72,754888,Rock Dog,6,5.3
Музыкальная история,Семейный,Комедия,Семейные комедии,Классика (до 2000 года),7.313,46749,,7.1,0
Большой собачий побег,Семейный,Приключения,Истории с животными,Классика (до 2000 года),6.189,982760,Ozzy,5.2,0
Маленькая мисс Дулиттл,Семейный,Фэнтези,Истории с животными,Новинки (2020–2025),7.329,984826,Liliane Susewind - Ein tierisches Abenteuer,4.9,0
Фиксики: Большой секрет,Семейный,Фантастика,Детские приключения,Современное кино (2000–2020),7.469,905038,,5.1,0
Волшебный магазин,Семейный,Фэнтези,Детские приключения,Современное кино (2000–2020),7.24,1087561,Jie you za huo dian,5.2,0
Конек-Горбунок,Семейный,Фэнтези,Детские приключения,Классика (до 2000 года),8.011,44917,,7.4,0
Мадагаскар 2,Семейный,Приключения,Истории с животными,Современное кино (2000–2020),7.593,161066,Madagascar: Escape 2 Africa,6.7,5.9
Пастушка и трубочист,Семейный,Фэнтези,Детские приключения,Классика (до 2000 года),7.367,259995,,6.3,0
Неуловимый Фунтик,Семейный,Приключения,Детские приключения,Классика (до 2000 года),7.786,257388,,7.5,0
Маленький вампир,Семейный,Фэнтези,Детские приключения,Современное кино (2000–2020),6.405,914937,The Little Vampire 3D,5.5,0
Мой добрый папа,Семейный,Комедия,Межпоколенческие драмы,Новинки (2020–2025),7.329,425025,,7.1,0
История дельфина,Семейный,Биографический,Истории с животными,Современное кино (2000–2020),7.697,493214,Dolphin Tale,6.8,6.5
Луговые собачки,Семейный,Комедия,Истории с животными,Новинки (2020–2025),7.787,1962,Lawn Dogs,7.4,6.5
Снежная Королева: Зазеркалье,Семейный,Фэнтези,Детские приключения,Современное кино (2000–2020),7.35,1115081,,5.7,0
Волки и овцы: бе-е-е-зумное превращение,Семейный,Комедия,Истории с животными,Новинки (2020–2025),6.761,738950,,5.8,0
Трое из Простоквашино,Семейный,Комедия,Истории с животными,Классика (до 2000 года),8.798,42326,,8.1,0
Невероятный мир глазами Энцо,Семейный,Драма,Истории с животными,Современное кино (2000–2020),8.266,470191,The Art of Racing in the Rain,7.6,5.3
Миньоны: Грювитация,Семейный,Комедия,Семейные комедии,Новинки (2020–2025),6.613,1009513,Minions: The Rise of Gru,6.5,6.1
Терем-теремок,Семейный,Комедия,Истории с животными,Новинки (2020–2025),7.479,430528,,7,0
Рыжий пес,Семейный,Комедия,Истории с животными,Современное кино (2000–2020),7.82,263546,Red Dog,7.3,0
Сезон охоты 2,Семейный,Комедия,Истории с животными,Современное кино (2000–2020),6.464,397497,Open Season 2,5.5,6.4
Мулан 2,Семейный,Приключения,Детские приключения,Современное кино (2000–2020),6.754,84356,Mulan II,5.6,3.9
Королевство Кривых Зеркал,Семейный,Фэнтези,Детские приключения,Классика (до 2000 года),8.016,44929,,7.2,0
Ледниковый период,Семейный,Приключения,Истории с животными,Современное кино (2000–2020),8.038,707,Ice Age,7.5,6.8
Звуки музыки,Семейный,Биографический,Межпоколенческие драмы,Классика (до 2000 года),8.056,7665,The Sound of Music,8.1,8.1
Голубой щенок,Семейный,Приключения,Истории с животными,Современное кино (2000–2020),7.934,44544,,7.2,0
Артур и война двух миров,Семейный,Фэнтези,Детские приключения,Современное кино (2000–2020),6.006,278221,Arthur 3: la guerre des deux mondes,5.5,4.8
ЛЕГО Ниндзяго Фильм,Семейный,Боевик (Экшен),Детские приключения,Современное кино (2000–2020),6.315,777684,The Lego Ninjago Movie,6.1,5.8
Утиные истории: Заветная лампа,Семейный,Фэнтези,Детские приключения,Классика (до 2000 года),7.54,17610,DuckTales the Movie: Treasure of the Lost Lamp,6.8,6.2
Бедная богатая девочка,Семейный,Приключения,Детские приключения,Классика (до 2000 года),6.042,503737,Young Adult,6.3,7
Спирит: Душа прерий,Семейный,Приключения,Истории с животными,Современное кино (2000–2020),8.14,839,Spirit: Stallion of the Cimarron,7.2,6.4
Медведи Камчатки. Начало жизни,Семейный,Приключения,Истории с животными,Новинки (2020–2025),8.992,1115424,,0,0
Крошка из Беверли-Хиллз 3,Семейный,Комедия,Истории с животными,Современное кино (2000–2020),5.751,666664,Beverly Hills Chihuahua 3: Viva La Fiesta!,4.4,0
Чарли и шоколадная фабрика,Семейный,Фэнтези,Детские приключения,Современное кино (2000–2020),7.645,38905,Charlie and the Chocolate Factory,6.7,7.2
Camp Rock: Музыкальные каникулы,Семейный,Комедия,Семейные комедии,Современное кино (2000–2020),6.603,402589,Camp Rock,5.2,4.4
Соник в кино,Семейный,Фантастика,Детские приключения,Новинки (2020–2025),6.707,1016160,Sonic the Hedgehog,6.5,5.9
Сказка о Мальчише-Кибальчише,Семейный,Фэнтези,Детские приключения,Классика (до 2000 года),7.397,280160,,6.9,0
Малыш Кид,Семейный,Комедия,Семейные комедии,Современное кино (2000–2020),5.899,1013302,The Kid,5.9,5.4
Тайна Снежной королевы,Семейный,Фэнтези,Детские приключения,Новинки (2020–2025),7.165,84144,,6.7,0
Анастасия,Семейный,Фэнтези,Детские приключения,Классика (до 2000 года),8.111,2513,Anastasia,7.2,7
Крошка из Беверли-Хиллз,Семейный,Комедия,Истории с животными,Современное кино (2000–2020),5.46,321841,Beverly Hills Chihuahua,4,5.1
Лиловый шар,Семейный,Фантастика,Детские приключения,Классика (до 2000 года),6.795,45101,,5.7,0
Тайная жизнь домашних животных 2,Семейный,Комедия,Истории с животными,Современное кино (2000–2020),6.827,995974,The Secret Life of Pets 2,6.4,5.8
Добрыня Никитич и Змей Горыныч,Семейный,Фэнтези,Детские приключения,Современное кино (2000–2020),7.633,147818,,7,0
Щелкунчик и Крысиный король,Семейный,Фэнтези,Детские приключения,Классика (до 2000 года),2.954,324206,The Nutcracker,4.1,0
Волшебное зеркало или двойные неприятности,Семейный,Фэнтези,Детские приключения,Новинки (2020–2025),7.591,1387149,Unheimlich perfekte Freunde,6.1,0
Дамбо,Семейный,Фэнтези,Истории с животными,Классика (до 2000 года),6.842,841636,Dumbo,6.2,5.5
Ледниковый период 2: Глобальное потепление,Семейный,Комедия,Истории с животными,Современное кино (2000–2020),7.597,86204,Ice Age: The Meltdown,6.8,6
Храбрый олененок,Семейный,Приключения,Истории с животными,Классика (до 2000 года),8.259,257997,,7.3,0
Человечка нарисовал я,Семейный,Фэнтези,Детские приключения,Новинки (2020–2025),7.407,45450,,6.5,0
Муравей Антц,Семейный,Комедия,Истории с животными,Классика (до 2000 года),6.828,15123,Antz,6.5,7.6
Мышонок Пик,Семейный,Приключения,Истории с животными,Классика (до 2000 года),8.369,260035,,7.6,0
Белоснежка и семь гномов,Семейный,Фэнтези,Детские приключения,Классика (до 2000 года),7.932,551,Snow White and the Seven Dwarfs,7.6,8.8
Подкидыш,Семейный,Комедия,Детские приключения,Классика (до 2000 года),8.042,1047841,,0,0
Необыкновенная история на Рождество,Семейный,Фэнтези,Детские приключения,Новинки (2020–2025),7.622,1017967,The Man Who Invented Christmas,7,6.4
Маша и Медведь,Семейный,Комедия,Истории с животными,Современное кино (2000–2020),7.34,478491,Маша и Медведь,7.3,0
Добрыня Никитич,Семейный,Фэнтези,Детские приключения,Современное кино (2000–2020),6.459,597588,,0,0
Доктор Улитка,Семейный,Фэнтези,Истории с животными,Классика (до 2000 года),6.52,1181573,,0,0
Рождество кота Боба,Семейный,Комедия,Истории с животными,Новинки (2020–2025),7.81,1338020,A Christmas Gift from Bob,6.4,6
Монстры на каникулах: Трансформания,Семейный,Комедия,Семейные комедии,Новинки (2020–2025),6.375,1243552,Hotel Transylvania: Transformania,6,5.1
Самолеты,Семейный,Приключения,Детские приключения,Современное кино (2000–2020),6.578,592300,Planes,5.7,4.6
Дети шпионов,Семейный,Боевик (Экшен),Детские приключения,Современное кино (2000–2020),6.592,841,Spy Kids,5.6,7.2
Три богатыря на дальних берегах,Семейный,Фэнтези,Детские приключения,Новинки (2020–2025),5.74,592210,,5.1,0
Том и Джерри,Семейный,Комедия,Истории с животными,Новинки (2020–2025),6.727,468562,Tom and Jerry,5.3,4.7
Суперсемейка 2,Семейный,Фантастика,Семейные комедии,Современное кино (2000–2020),7.405,839650,Incredibles 2,7.5,7.9
Мой папа – вождь,Семейный,Комедия,Детские приключения,Новинки (2020–2025),6.506,1249527,,0,0
Холодное сердце 2,Семейный,Фэнтези,Детские приключения,Современное кино (2000–2020),7.363,903831,Frozen II,6.8,6.7
Праздник Нептуна,Семейный,Фэнтези,Детские приключения,Классика (до 2000 года),7.671,43220,,7.4,0
Мечты из пластилина,Семейный,Фэнтези,Детские приключения,Новинки (2020–2025),6.258,713329,,5.9,0
Моя безумная семья,Семейный,Комедия,Семейные комедии,Новинки (2020–2025),5.639,564859,,4.9,0
Сказка о царе Салтане,Семейный,Фэнтези,Детские приключения,Классика (до 2000 года),8.037,43814,,7.3,0
Иван Царевич и Серый Волк 4,Семейный,Фэнтези,Семейные комедии,Новинки (2020–2025),7.724,1235963,,5.7,0
Лесси. Возвращение домой,Семейный,Приключения,Истории с животными,Классика (до 2000 года),8.386,1272115,Lassie - Eine abenteuerliche Reise,5.6,0
Чудо,Семейный,Драма,Межпоколенческие драмы,Современное кино (2000–2020),8.226,722951,Wonder,7.9,7.1
Cirque du Soleil: Сказочный мир,Семейный,Фэнтези,Детские приключения,Современное кино (2000–2020),7.422,575211,Cirque du Soleil: Worlds Away,6.8,5.3
Снежная королева,Семейный,Фэнтези,Детские приключения,Классика (до 2000 года),8.05,29818,,7.5,4.5
Фиксики против Кработов,Семейный,Фантастика,Детские приключения,Новинки (2020–2025),8.091,1115685,,5.7,0
Зубастики 4,Семейный,Фэнтези,Детские приключения,Новинки (2020–2025),4.828,178564,Critters 4,4.1,0
Тайна четырех принцесс,Семейный,Детектив,Детские приключения,Новинки (2020–2025),4.908,742281,,0,0
Прогулка с динозаврами 3D,Семейный,Приключения,Истории с животными,Современное кино (2000–2020),5.826,572290,Walking with Dinosaurs 3D,5.2,4.4
Барби и потайная дверь,Семейный,Фэнтези,Детские приключения,Современное кино (2000–2020),5.957,838406,Barbie and the Secret Door,5.8,0
Приключения Флика,Семейный,Приключения,Истории с животными,Классика (до 2000 года),7.581,2356,A Bug's Life,7.2,7.9
Спайдервик: Хроники,Семейный,Фэнтези,Детские приключения,Современное кино (2000–2020),6.818,81926,The Spiderwick Chronicles,6.5,6.7
СуперБобровы,Семейный,Фантастика,Истории с животными,Новинки (2020–2025),5.022,893814,,4.4,0
Воспоминания о Марни,Семейный,Фэнтези,Межпоколенческие драмы,Современное кино (2000–2020),7.901,817623,Omoide no Mani,7.6,7.5
Чаклун и Румба,Семейный,Фэнтези,Семейные комедии,Новинки (2020–2025),7.095,431128,,5.9,0
Зубастики 3,Семейный,Фэнтези,Детские приключения,Новинки (2020–2025),5.573,6876,Critters 3,4.5,3.4
Волк и Лев,Семейный,Приключения,Истории с животными,Новинки (2020–2025),8.004,1304482,Le loup et le lion,6.2,5.1
Санта Клаус 2,Семейный,Фэнтези,Семейные комедии,Современное кино (2000–2020),6.216,815,The Santa Clause 2,5.8,5.6
Вилли Вонка и шоколадная фабрика,Семейный,Фэнтези,Детские приключения,Классика (до 2000 года),8.1
Великий мышиный сыщик,Семейный,Детектив,Истории с животными,Классика (до 2000 года),7.696,19117,The Great Mouse Detective,7.1,7.3
Мирай из будущего,Семейный,Фантастика,Межпоколенческие драмы,Современное кино (2000–2020),7.221,1045331,Mirai no Mirai,7,7.6
Без семьи,Семейный,Приключения,Детские приключения,Современное кино (2000–2020),8.023,94627,,7.7,0
Каспер встречает Венди,Семейный,Фэнтези,Детские приключения,Классика (до 2000 года),6.053,85037,Casper Meets Wendy,5.3,4.1
Финник,Семейный,Комедия,Детские приключения,Новинки (2020–2025),7.818,4742512,,5.8,0
Чьи в лесу шишки?,Семейный,Приключения,Истории с животными,Современное кино (2000–2020),7.357,258117,,6.5,0
Мартынко,Семейный,Приключения,Детские приключения,Новинки (2020–2025),8.274,417827,,7.5,0
Белль и Себастьян,Семейный,Приключения,Истории с животными,Современное кино (2000–2020),8.059,794620,Belle et Sébastien,6.9,0
В некотором царстве…,Семейный,Фэнтези,Детские приключения,Новинки (2020–2025),7.92,260077,,7.2,0
Книга джунглей,Семейный,Приключения,Истории с животными,Классика (до 2000 года),7.144,779024,The Jungle Book,7.3,7.8
Стань легендой! Бигфут Младший,Семейный,Фэнтези,Детские приключения,Современное кино (2000–2020),7.326,1007938,The Son of Bigfoot,6.1,5.8
12 месяцев. Новая сказка,Семейный,Фэнтези,Детские приключения,Новинки (2020–2025),3.775,705672,,5,0
Мама для мамонтенка,Семейный,Приключения,Истории с животными,Современное кино (2000–2020),8.307,391129,,7.8,0
Каникулы маленького Николя,Семейный,Комедия,Детские приключения,Современное кино (2000–2020),6.807,775400,Les vacances du petit Nicolas,6.2,0
Губка Боб в 3D,Семейный,Комедия,Детские приключения,Современное кино (2000–2020),5.554,672398,The SpongeBob Movie: Sponge Out of Water,6,6.5
Гномео и Джульетта,Семейный,Комедия,Семейные комедии,Современное кино (2000–2020),6.078,261819,Gnomeo & Juliet,5.9,5.6
Мулан,Семейный,Приключения,Детские приключения,Классика (до 2000 года),8.136,5277,Mulan,7.7,7.9
Все любят китов,Семейный,Приключения,Истории с животными,Современное кино (2000–2020),7.223,462588,Big Miracle,6.5,6.2
Смурфики: Затерянная деревня,Семейный,Фэнтези,Детские приключения,Современное кино (2000–2020),6.368,681406,Smurfs: The Lost Village,6,4.8
Бетховен 2,Семейный,Комедия,Истории с животными,Классика (до 2000 года),6.847,10970,Beethoven's 2nd,5,4.5
Незнайка с нашего двора,Семейный,Комедия,Детские приключения,Новинки (2020–2025),7.06,94624,,6.2,0
Школа магических зверей. Тайна Подземелья,Семейный,Фэнтези,Истории с животными,Новинки (2020–2025),8.298,4961446,Die Schule der magischen Tiere 2,5.9,0
Каникулы Бонифация,Семейный,Комедия,Детские приключения,Новинки (2020–2025),7.384,256092,,7.1,0
Аисты,Семейный,Комедия,Семейные комедии,Современное кино (2000–2020),6.975,894045,Storks,6.8,6.1
Рио,Семейный,Приключения,Истории с животными,Современное кино (2000–2020),7.468,465674,Rio,6.9,6.4
Мой сосед Тоторо,Семейный,Фэнтези,Детские приключения,Классика (до 2000 года),8.249,8221,Tonari no Totoro,8.1,8.5
Мечты сбываются!,Семейный,Фэнтези,Детские приключения,Новинки (2020–2025),7.439,464585,One Chance,6.8,5.5
Маугли,Семейный,Приключения,Истории с животными,Классика (до 2000 года),7.897,14000,,7.6,6.7
Царевич Проша,Семейный,Приключения,Детские приключения,Новинки (2020–2025),7.053,42333,,6.5,0
Паровозик из Ромашкова,Семейный,Приключения,Детские приключения,Классика (до 2000 года),8.236,256527,,7,0
Санта Клаус 3,Семейный,Фэнтези,Семейные комедии,Современное кино (2000–2020),5.79,102375,The Santa Clause 3: The Escape Clause,4.9,3.8
Чучело-Мяучело,Семейный,Комедия,Истории с животными,Новинки (2020–2025),8.066,451267,,6.7,0
Василий и Василиса,Семейный,Фэнтези,Детские приключения,Новинки (2020–2025),7.265,45675,,6.4,0
Чудо-юдо,Семейный,Фэнтези,Детские приключения,Новинки (2020–2025),5.308,905039,,5,0
Миа и белый лев,Семейный,Приключения,Истории с животными,Современное кино (2000–2020),8.023,1165797,Mia et le lion blanc,6.5,6.9
Энни,Семейный,Комедия,Детские приключения,Классика (до 2000 года),6.255,582212,Annie,5.4,4.6
Ледниковый период: Столкновение неизбежно,Семейный,Приключения,Истории с животными,Современное кино (2000–2020),5.787,818145,Ice Age: Collision Course,5.7,4.1
Один дома 4,Семейный,Комедия,Детские приключения,Современное кино (2000–2020),3.081,81576,Home Alone 4: Taking Back the House,2.6,0
Дикие лебеди,Семейный,Фэнтези,Детские приключения,Новинки (2020–2025),7.831,44200,,7.3,0
Великан,Семейный,Фантастика,Детские приключения,Классика (до 2000 года),7.934,4384,The Mighty,7.2,6.8
Оливер!,Семейный,Приключения,Детские приключения,Классика (до 2000 года),7.333,7664,Oliver!,7.4,7.9
Фунтик и сыщики,Семейный,Детектив,Детские приключения,Классика (до 2000 года),7.563,257389,,7.6,0
Camp Rock 2: Отчетный концерт,Семейный,Комедия,Детские приключения,Современное кино (2000–2020),7.04,419643,Camp Rock 2: The Final Jam,5.2,6.1
Самое главное,Семейный,Драма,Межпоколенческие драмы,Новинки (2020–2025),6.145,933225,,0,0
История игрушек,Семейный,Комедия,Детские приключения,Классика (до 2000 года),7.949,482,Toy Story,8.3,9.1
Жили-были старик со старухой,Семейный,Фэнтези,Семейные комедии,Классика (до 2000 года),7.498,45322,,7,0
Пиноккио. Правдивая история,Семейный,Фэнтези,Детские приключения,Новинки (2020–2025),7.064,1390626,,3.2,0
Вверх,Семейный,Приключения,Детские приключения,Современное кино (2000–2020),8.04,325381,Up,8.3,8.8
Смурфики,Семейный,Фэнтези,Детские приключения,Современное кино (2000–2020),6.059,178591,The Smurfs,5.4,4
Шрэк,Семейный,Фэнтези,Семейные комедии,Современное кино (2000–2020),8.2,430,Shrek,7.9,7.8
Динозавр,Семейный,Приключения,Детские приключения,Современное кино (2000–2020),7.744,652,Dinosaur,6.4,6.2
Скуби-Ду,Семейный,Детектив,Истории с животными,Современное кино (2000–2020),6.672,797697,Scoob!,5.6,5.3
Мы купили зоопарк,Семейный,Комедия,Истории с животными,Современное кино (2000–2020),7.688,464413,We Bought a Zoo,7,6.2
Медвежья история,Семейный,Фэнтези,Истории с животными,Современное кино (2000–2020),7.602,931150,Historia de un oso,7.7,0
Как поймать перо Жар-Птицы,Семейный,Фэнтези,Детские приключения,Новинки (2020–2025),5.356,586269,,4.8,0
Смешарики. Начало,Семейный,Комедия,Семейные комедии,Новинки (2020–2025),6.253,570117,,5.9,0
Белый Бим Черное ухо,Семейный,Драма,Истории с животными,Классика (до 2000 года),8.424,46068,,8,0
Марья-искусница,Семейный,Фэнтези,Детские приключения,Классика (до 2000 года),8.072,46548,,7.1,0
Маленький Николя,Семейный,Комедия,Детские приключения,Современное кино (2000–2020),7.814,424299,Le Petit Nicolas,7.1,5.8
Русалочка: Начало истории Ариэль,Семейный,Фэнтези,Детские приключения,Современное кино (2000–2020),7.22,308804,The Little Mermaid: Ariel's Beginning,6.1,5.4
Будешь со мной дружить?,Семейный,Комедия,Детские приключения,Новинки (2020–2025),8.029,62649,Mujhse Dosti Karoge!,5.1,4
Я,Семейный,Приключения,Истории с животными,Современное кино (2000–2020),6.537,450220,,6.1,0
Гадкий я 3,Семейный,Комедия,Семейные комедии,Современное кино (2000–2020),6.332,820599,Despicable Me 3,6.3,5.7
Чук и Гек,Семейный,Приключения,Детские приключения,Классика (до 2000 года),8.195,45533,,6.7,0
Волчьи дети Амэ и Юки,Семейный,Фэнтези,Межпоколенческие драмы,Современное кино (2000–2020),8.015,655515,Okami kodomo no Ame to Yuki,8.1,8.6
Свои дети,Семейный,Драма,Межпоколенческие драмы,Новинки (2020–2025),7.903,397655,,6.1,0
Пес в сапогах,Семейный,Фэнтези,Истории с животными,Новинки (2020–2025),8.158,43381,,7.4,0
Гадкий утёнок,Семейный,Фэнтези,Истории с животными,Классика (до 2000 года),8.151,423042,,7.4,0
Чебурашка идет в школу,Семейный,Комедия,Истории с животными,Новинки (2020–2025),7.985,230228,,7.2,0
Зверополис,Семейный,Комедия,Истории с животными,Современное кино (2000–2020),8.316,775276,Zootopia,8,8.1
Гномы в деле!,Семейный,Фэнтези,Детские приключения,Новинки (2020–2025),8.002,1200972,Die Heinzels - Rückkehr der Heinzelmännchen,6,0
Звездные собаки: Белка и Стрелка,Семейный,Фантастика,Истории с животными,Современное кино (2000–2020),6.025,395691,,5,0
Спасти планету,Семейный,Фантастика,Детские приключения,Новинки (2020–2025),7.824,1002696,Before the Flood,8.2,7
Слоны — мои друзья,Семейный,Приключения,Истории с животными,Новинки (2020–2025),7.137,95812,Haathi Mere Saathi,6.9,0
"Мария, Мирабела",Семейный,Фэнтези,Детские приключения,Классика (до 2000 года),7.245,46539,Maria, Mirabella,7.5,0
Белль и Себастьян: приключения продолжаются,Семейный,Приключения,Истории с животными,Современное кино (2000–2020),8.104,854458,Belle et Sébastien, l'aventure continue,6.6,0
Король-львенок,Семейный,Фэнтези,Истории с животными,Классика (до 2000 года),7.298,4385452,King,5.1,0
Семейный уик-энд,Семейный,Комедия,Семейные комедии,Современное кино (2000–2020),6.199,582088,Family Weekend,6.2,5.5
Скуби-Ду 3: Тайна начинается,Семейный,Детектив,Детские приключения,Современное кино (2000–2020),5.134,419046,Scooby-Doo! The Mystery Begins,5.3,4.3
Артек. Большое путешествие,Семейный,Приключения,Детские приключения,Новинки (2020–2025),7.64,1291197,,0,0
Санта Клаус,Семейный,Фэнтези,Детские приключения,Классика (до 2000 года),6.865,2547,The Santa Clause,6.6,5.9
В поисках Дори,Семейный,Приключения,Истории с животными,Современное кино (2000–2020),7.423,692957,Finding Dory,7.2,7.7
Я сражаюсь с великанами,Семейный,Фэнтези,Детские приключения,Современное кино (2000–2020),6.112,924989,I Kill Giants,6.1,6.7
Русалочка,Семейный,Фэнтези,Детские приключения,Классика (до 2000 года),8.2,8147,The Little Mermaid,7.6,8.4
Храбрый плавник,Семейный,Приключения,Истории с животными,Современное кино (2000–2020),4.983,662558,Back to the Sea,4.3,0
Мой папа летчик,Семейный,Комедия,Детские приключения,Новинки (2020–2025),6.192,745102,,0,0
Удивительное путешествие доктора Дулиттла,Семейный,Приключения,Истории с животными,Новинки (2020–2025),6.409,1042726,Dolittle,5.6,4
Освободите Вилли,Семейный,Приключения,Истории с животными,Классика (до 2000 года),7.659,14833,Free Willy,6.1,5.6
Джек,Семейный,Комедия,Детские приключения,Классика (до 2000 года),7.355,7320,Jack,5.8,4.4
Спасатели,Семейный,Приключения,Детские приключения,Классика (до 2000 года),7.677,34299,The Rescuers,6.9,6.4
Элементарно,Семейный,Фэнтези,Семейные комедии,Новинки (2020–2025),7.547,661210,Elementary,7.9,0
Шикарное приключение Шарпей,Семейный,Приключения,Истории с животными,Новинки (2020–2025),6.048,518159,Sharpay's Fabulous Adventure,4.8,0
Белый снег,Семейный,Фэнтези,Детские приключения,Классика (до 2000 года),6.752,1345722,,5.8,0
Суперпес,Семейный,Фантастика,Истории с животными,Современное кино (2000–2020),5.388,196670,Underdog,4.8,4.1
История игрушек 2,Семейный,Приключения,Детские приключения,Классика (до 2000 года),7.809,405,Toy Story 2,7.9,8.7
Тачки,Семейный,Комедия,Семейные комедии,Современное кино (2000–2020),7.524,61249,Cars,7.3,6.9
Семейное ограбление,Семейный,Комедия,Семейные комедии,Новинки (2020–2025),6.34,959858,Mes trésors,5.5,0
Аленький цветочек,Семейный,Фэнтези,Детские приключения,Классика (до 2000 года),7.819,278377,,7.4,0
Волшебники из Вэйверли Плэйс в кино,Семейный,Фэнтези,Детские приключения,Современное кино (2000–2020),6.745,446201,Wizards of Waverly Place: The Movie,6.2,0
Зверопой 2,Семейный,Комедия,Истории с животными,Новинки (2020–2025),8.278,1009142,Sing 2,7.3,6.1
Принцесса Лебедь 2: Тайна замка,Семейный,Фэнтези,Детские приключения,Классика (до 2000 года),7.208,34147,The Swan Princess: Escape from Castle Mountain,5.6,5.5
Прорыв,Семейный,Биографический,Межпоколенческие драмы,Современное кино (2000–2020),6.564,252118,,5.1,0
Оранжевое горлышко,Семейный,Приключения,Истории с животными,Новинки (2020–2025),7.78,460536,,7,0
Отдам котят в хорошие руки,Семейный,Комедия,Истории с животными,Новинки (2020–2025),5.943,681108,,0,0
Пиноккио,Семейный,Фэнтези,Детские приключения,Классика (до 2000 года),7.634,8220,Pinocchio,7.5,9.1
Клаус,Семейный,Фэнтези,Детские приключения,Современное кино (2000–2020),8.665,957887,Klaus,8.2,7.7
Город монстров,Семейный,Фэнтези,Детские приключения,Современное кино (2000–2020),5.121,874467,Tales of Halloween,5.5,6.7
Элвин и бурундуки 3,Семейный,Комедия,Истории с животными,Современное кино (2000–2020),5.325,502036,Alvin and the Chipmunks: Chipwrecked,4.4,3.6
Ловцы забытых голосов,Семейный,Приключения,Детские приключения,Новинки (2020–2025),7.725,581102,Hoshi o ou kodomo,7.1,0
СуперБобровы: Народные мстители,Семейный,Фэнтези,Истории с животными,Новинки (2020–2025),5.363,984358,,3.8,0
Братец медвежонок,Семейный,Фэнтези,Истории с животными,Современное кино (2000–2020),7.947,8057,Brother Bear,6.9,5.5
Маленькие секреты,Семейный,Комедия,Детские приключения,Современное кино (2000–2020),7.311,521618,Les petits mouchoirs,7.1,5.8
Холодное сердце,Семейный,Фэнтези,Детские приключения,Современное кино (2000–2020),7.869,493208,Frozen,7.4,7.7
По семейным обстоятельствам,Семейный,Комедия,Семейные комедии,Новинки (2020–2025),8.313,43007,,7.6,0
Приключения мышонка,Семейный,Комедия,Истории с животными,Классика (до 2000 года),5.773,741158,Rodencia y el diente de la princesa,4.9,0
Муха-цокотуха,Семейный,Приключения,Истории с животными,Классика (до 2000 года),7.611,478805,,6.5,0
Приключения Паддингтона 2,Семейный,Комедия,Истории с животными,Современное кино (2000–2020),8.248,906042,Paddington 2,7.8,8.7
Диномама,Семейный,Фантастика,Детские приключения,Новинки (2020–2025),5.766,433311,Dino Time,4.7,0
Кот в сапогах: Три Чертенка,Семейный,Приключения,Истории с животными,Современное кино (2000–2020),7.354,667907,Puss in Boots: The Three Diablos,6.7,0
Золотая антилопа,Семейный,Фэнтези,Истории с животными,Классика (до 2000 года),7.995,45376,,7.5,0
Крокодил Гена,Семейный,Комедия,Истории с животными,Классика (до 2000 года),8.206,44985,,7.8,0
Три богатыря и Морской царь,Семейный,Фэнтези,Детские приключения,Новинки (2020–2025),5.842,893507,,4.7,0
Пчелка Майя,Семейный,Приключения,Истории с животными,Классика (до 2000 года),7.03,95238,Mitsubachi Mâya no bôken,6.7,0
Винни-Пух,Семейный,Комедия,Семейные комедии,Классика (до 2000 года),8.772,45779,,8.2,0
Маша,Семейный,Комедия,Семейные комедии,Современное кино (2000–2020),6.211,1162783,,5.7,0
Король Лев 3: Акуна Матата,Семейный,Комедия,Истории с животными,Современное кино (2000–2020),7.25,77040,The Lion King 1½,6.5,6.4
У Бога свои планы,Семейный,Драма,Межпоколенческие драмы,Новинки (2020–2025),6.247,674499,,0,0
Тайна магазина игрушек,Семейный,Фэнтези,Детские приключения,Новинки (2020–2025),7.141,1044626,Tea Pets,5.6,0
Рождественская сказка,Семейный,Фэнтези,Детские приключения,Современное кино (2000–2020),6.28,281356,Un conte de Noël,6.9,7.6
Большой красный пес Клиффорд,Семейный,Комедия,Истории с животными,Новинки (2020–2025),6.562,681250,Clifford the Big Red Dog,5.9,5.3
Джек и бобовый стебель,Семейный,Фэнтези,Детские приключения,Классика (до 2000 года),5.609,391780,Jack and the Beanstalk,4.6,0
Книга джунглей 2,Семейный,Приключения,Истории с животными,Современное кино (2000–2020),6.521,5577,The Jungle Book 2,5.3,4.4
Голос,Семейный,Фэнтези,Истории с животными,Новинки (2020–2025),7.979,806934,Boychoir,6.7,5.2
Ловушка для родителей,Семейный,Комедия,Семейные комедии,Классика (до 2000 года),7.373,6522,The Parent Trap,6.7,6.9
Зевс и Роксана,Семейный,Комедия,Истории с животными,Классика (до 2000 года),6.997,18201,Zeus and Roxanne,5.3,4.6
Остров Ним,Семейный,Приключения,Истории с животными,Современное кино (2000–2020),6.605,281236,Nim's Island,6,5.7
Мадагаскар,Семейный,Приключения,Истории с животными,Современное кино (2000–2020),7.995,6006,Madagascar,6.9,6.1
Балетные туфельки,Семейный,Драма,Детские приключения,Современное кино (2000–2020),7.005,392585,Ballet Shoes,6.6,7.7
Книга жизни,Семейный,Фэнтези,Детские приключения,Современное кино (2000–2020),7.465,669880,The Book of Life,7.2,6.9
Сарила: Затерянная земля,Семейный,Приключения,Детские приключения,Современное кино (2000–2020),5.929,675045,The Legend of Sarila,4.9,0
Покахонтас,Семейный,Приключения,Детские приключения,Классика (до 2000 года),7.764,5213,Pocahontas,6.7,0
Котенок с улицы Лизюкова,Семейный,Приключения,Истории с животными,Классика (до 2000 года),8.145,260076,,6.9,0
В стране невыученных уроков,Семейный,Фэнтези,Детские приключения,Современное кино (2000–2020),8.348,45637,,7.7,0
Подарок с характером,Семейный,Фэнтези,Истории с животными,Новинки (2020–2025),5.366,771230,,4.4,0
Большой и добрый великан,Семейный,Фэнтези,Детские приключения,Современное кино (2000–2020),6.155,840885,The BFG,6.3,6.7
Доктор Дулиттл 2,Семейный,Комедия,Истории с животными,Современное кино (2000–2020),5.973,2351,Dr. Dolittle 2,4.8,4.9
Поле чудес,Семейный,Комедия,Семейные комедии,Классика (до 2000 года),5.485,930474,,5.1,0
Хортон,Семейный,Фэнтези,Истории с животными,Современное кино (2000–2020),6.838,160908,Horton Hears a Who!,6.8,0
История семьи Блум,Семейный,Драма,Межпоколенческие драмы,Новинки (2020–2025),7.705,1272738,Penguin Bloom,6.8,6.1
Волшебный бриллиант. Фильм 1,Семейный,Фэнтези,Детские приключения,Новинки (2020–2025),7.255,86820,Nagina,6.4,0
Собачья жизнь 2,Семейный,Фэнтези,Истории с животными,Современное кино (2000–2020),8.07,1122114,A Dog's Journey,7.4,5.3
Мой маленький ангел,Семейный,Драма,Межпоколенческие драмы,Новинки (2020–2025),7.29,504290,Foster,6.8,0
Каштанка,Семейный,Драма,Истории с животными,Новинки (2020–2025),7.832,461843,,7.3,0
Лимонадный рот,Семейный,Комедия,Семейные комедии,Современное кино (2000–2020),7.327,518171,Lemonade Mouth,6.9,0
Леди Баг и Супер-Кот: пробуждение силы,Семейный,Фэнтези,Детские приключения,Новинки (2020–2025),7.642,1395369,Ladybug & Cat Noir: Awakening,6.1,5.8
Тарзан и Джейн,Семейный,Приключения,Детские приключения,Современное кино (2000–2020),6.181,251807,Tarzan & Jane,5.2,0
Франкенвини,Семейный,Фэнтези,Истории с животными,Современное кино (2000–2020),7.133,408395,Frankenweenie,6.9,7.5
Программа защиты принцесс,Семейный,Комедия,Детские приключения,Современное кино (2000–2020),6.368,407633,Princess Protection Program,5.7,0
Паутина Шарлотты,Семейный,Фэнтези,Истории с животными,Современное кино (2000–2020),6.671,88071,Charlotte's Web,6.3,7
Как приручить дракона,Семейный,Фэнтези,Истории с животными,Современное кино (2000–2020),8.241,280172,How to Train Your Dragon,8.1,7.9
Реальная белка,Семейный,Комедия,Истории с животными,Новинки (2020–2025),6.134,579689,The Nut Job,5.7,4
Все псы попадают в рай,Семейный,Приключения,Истории с животными,Классика (до 2000 года),7.898,29573,All Dogs Go to Heaven,6.8,5.9
Дора и Затерянный город,Семейный,Приключения,Детские приключения,Современное кино (2000–2020),6.387,1108415,Dora and the Lost City of Gold,6.1,6.6
Тимур и его команда,Семейный,Приключения,Детские приключения,Классика (до 2000 года),7.291,42254,,6.2,0
Тигренок на подсолнухе,Семейный,Приключения,Истории с животными,Новинки (2020–2025),8.054,42244,,7.4,0
Один дома 3,Семейный,Комедия,Детские приключения,Классика (до 2000 года),5.7,20789,Home Alone 3,4.6,4.5
Реальная белка 2,Семейный,Комедия,Истории с животными,Новинки (2020–2025),6.351,821738,The Nut Job 2: Nutty by Nature,5.5,4
Кунг-Фу Панда,Семейный,Комедия,Истории с животными,Современное кино (2000–2020),7.816,103734,Kung Fu Panda,7.6,7.1
Большая семья,Семейный,Комедия,Семейные комедии,Новинки (2020–2025),8.299,46175,,7.1,0
Винтик и Шпунтик – веселые мастера,Семейный,Комедия,Детские приключения,Классика (до 2000 года),7.749,257948,,6.5,0
Кунг-фу Панда 3,Семейный,Боевик (Экшен),Истории с животными,Современное кино (2000–2020),7.257,692865,Kung Fu Panda 3,7.1,6.9
Побег из курятника,Семейный,Приключения,Истории с животными,Современное кино (2000–2020),6.966,635,Chicken Run,7.1,8.1
Рататуй,Семейный,Комедия,Истории с животными,Современное кино (2000–2020),8.05,89514,Ratatouille,8.1,8.5
Люксо младший,Семейный,Комедия,Семейные комедии,Классика (до 2000 года),7.137,196663,Luxo Jr.,7.2,0
Снежная королева 2: Перезаморозка,Семейный,Фэнтези,Детские приключения,Современное кино (2000–2020),6.463,718559,,5.8,0
ВАЛЛ·И,Семейный,Фантастика,Детские приключения,Современное кино (2000–2020),8.365,279102,WALL·E,8.4,8.6
Три богатыря и Конь на троне,Семейный,Фэнтези,Детские приключения,Новинки (2020–2025),7.474,4419497,,0,0
Ежик в тумане,Семейный,Фэнтези,Истории с животными,Классика (до 2000 года),8.373,42461,,8.1,0
Как приручить дракона 3,Семейный,Фэнтези,Истории с животными,Современное кино (2000–2020),7.755,706655,How to Train Your Dragon: The Hidden World,7.4,7.3
Страна игрушек,Семейный,Приключения,Детские приключения,Новинки (2020–2025),8.361,424372,Spielzeugland,7.7,0
Золушка: Полный вперед!,Семейный,Фэнтези,Детские приключения,Новинки (2020–2025),4.226,475537,Cendrillon au Far West,3.7,0
Хороший динозавр,Семейный,Приключения,Детские приключения,Современное кино (2000–2020),7.13,596451,The Good Dinosaur,6.7,6.6
Эрнест и Селестина: Приключения мышки и медведя,Семейный,Приключения,Истории с животными,Современное кино (2000–2020),8.223,592260,Ernest et Célestine,7.8,8.2
Русалка и дочь короля,Семейный,Фэнтези,Детские приключения,Новинки (2020–2025),6.888,708187,The King's Daughter,5.2,4.2
Макс,Семейный,Приключения,Истории с животными,Современное кино (2000–2020),6.761,811642,Max,6.6,4.7
Приключения мистера Пибоди и Шермана,Семейный,Приключения,Детские приключения,Современное кино (2000–2020),6.728,463531,Mr. Peabody & Sherman,6.7,6.7
Король сафари,Семейный,Приключения,Истории с животными,Новинки (2020–2025),5.833,522016,Khumba,5.6,4.8
Босс-молокосос 2,Семейный,Комедия,Семейные комедии,Новинки (2020–2025),7.264,1045449,The Boss Baby: Family Business,5.9,5.3
Суперпитомцы,Семейный,Комедия,Истории с животными,Новинки (2020–2025),6.628,1189960,DC League of Super-Pets,6.8,6.4
Тараканище,Семейный,Комедия,Детские приключения,Классика (до 2000 года),7.289,258094,,6.9,0
Бременские музыканты,Семейный,Комедия,Семейные комедии,Классика (до 2000 года),7.331,5047464,,4.4,0
Стойкий оловянный солдатик,Семейный,Фэнтези,Детские приключения,Классика (до 2000 года),7.996,404326,,7.2,0
Барабаниада,Семейный,Приключения,Детские приключения,Новинки (2020–2025),6.646,41470,,6.9,0
Хрустальный башмачок,Семейный,Фэнтези,Детские приключения,Классика (до 2000 года),6.699,44802,,7.2,0
Кот в сапогах,Семейный,Фэнтези,Детские приключения,Современное кино (2000–2020),7.13,102146,Puss in Boots,6.6,6.9
Новая рождественская сказка,Семейный,Фэнтези,Детские приключения,Новинки (2020–2025),6.932,9262,Scrooged,6.9,6.1
Гринч,Семейный,Фэнтези,Семейные комедии,Современное кино (2000–2020),7.625,738499,The Grinch,6.4,6
Малыши,Семейный,Комедия,Детские приключения,Новинки (2020–2025),7.967,325645,Bébé(s),7,6.4
Каникулы в Простоквашино,Семейный,Комедия,Истории с животными,Классика (до 2000 года),8.787,256551,,8.2,0
Иван Царевич и Серый Волк 5,Семейный,Фэнтези,Детские приключения,Новинки (2020–2025),7.449,5101781,,0,0
Вилли Вонка и шоколадная фабрика,Семейный,Фэнтези,Детские приключения,Классика (до 2000 года),8.1
Приключения пингвиненка Лоло,Семейный,Приключения,Истории с животными,Современное кино (2000–2020),8.165,186762,,7.4,0
Снежная пятерка,Семейный,Приключения,Детские приключения,Новинки (2020–2025),6.897,392335,Snow Buddies,5.1,0
Семья Ивановых,Семейный,Комедия,Истории с животными,Современное кино (2000–2020),6.255,43672,,5.1,0
Город героев,Семейный,Фантастика,Детские приключения,Современное кино (2000–2020),7.974,693126,Big Hero 6,7.8,7.4
Корпорация монстров,Семейный,Фантастика,Детские приключения,Современное кино (2000–2020),8.131,458,Monsters, Inc.,8.1,8
Семейка Аддамс,Семейный,Комедия,Семейные комедии,Современное кино (2000–2020),7.694,5293,The Addams Family,7,5.9
Рождественская история Микки,Семейный,Фэнтези,Семейные комедии,Классика (до 2000 года),7.801,54465,Mickey's Christmas Carol,8,0
Дети шпионов 3: Игра окончена,Семейный,Фантастика,Детские приключения,Современное кино (2000–2020),5.268,2207,Spy Kids 3-D: Game Over,4.4,5.5
Город кошек,Семейный,Приключения,Истории с животными,Новинки (2020–2025),7.793,1008361,Kedi,7.6,7.8
Мармадюк,Семейный,Комедия,Истории с животными,Современное кино (2000–2020),7.57,1210742,Marmaduke,3.4,2.4
Сестрица Алёнушка и братец Иванушка,Семейный,Фэнтези,Детские приключения,Классика (до 2000 года),7.773,258006,,7.1,0
Голос монстра,Семейный,Фэнтези,Детские приключения,Новинки (2020–2025),7.408,839600,A Monster Calls,7.4,7.6
Урфин Джюс и его деревянные солдаты,Семейный,Фэнтези,Детские приключения,Современное кино (2000–2020),6.077,839111,,4.7,0
Лило и Стич,Семейный,Фантастика,Истории с животными,Современное кино (2000–2020),7.862,740,Lilo & Stitch,7.4,7.3
Рикки-Тикки-Тави,Семейный,Приключения,Истории с животными,Классика (до 2000 года),8.103,42094,,7.5,0
Планета 51,Семейный,Фантастика,Детские приключения,Современное кино (2000–2020),6.636,279221,Planet 51,6,4.2
Турбо,Семейный,Комедия,Истории с животными,Современное кино (2000–2020),6.79,581651,Turbo,6.4,6.1
Дом,Семейный,Фантастика,Детские приключения,Современное кино (2000–2020),7.285,688384,Home,6.5,5.5
Серебряное копытце,Семейный,Фэнтези,Детские приключения,Классика (до 2000 года),7.931,440001,,7.3,0
Тролли. Мировой тур,Семейный,Фэнтези,Детские приключения,Новинки (2020–2025),6.858,1040592,Trolls World Tour,6.1,6.2
Артур и минипуты,Семейный,Фэнтези,Детские приключения,Современное кино (2000–2020),6.627,14328,Arthur et les Minimoys,6,4.4
Мост в Терабитию,Семейный,Фэнтези,Детские приключения,Современное кино (2000–2020),7.799,78753,Bridge to Terabithia,7.2,7.2
Фантик,Семейный,Приключения,Детские приключения,Новинки (2020–2025),7.771,44403,,7.9,0
Умка,Семейный,Приключения,Истории с животными,Классика (до 2000 года),8.306,438262,,7.7,0
Питер Пэн,Семейный,Фэнтези,Детские приключения,Классика (до 2000 года),7.733,8238,Peter Pan,7.3,7
Папа,Семейный,Драма,Межпоколенческие драмы,Новинки (2020–2025),7.93,80740,,7.4,0
Рождественские хроники 2,Семейный,Фэнтези,Детские приключения,Новинки (2020–2025),6.33,1309508,The Christmas Chronicles: Part Two,6,5.6
Тайная жизнь домашних животных,Семейный,Комедия,Истории с животными,Современное кино (2000–2020),6.88,743088,The Secret Life of Pets,6.5,6.3
Олененок,Семейный,Приключения,Истории с животными,Классика (до 2000 года),6.883,11862,The Yearling,7.1,8.5
Чебурашка,Семейный,Комедия,Истории с животными,Новинки (2020–2025),7.498,4370148,,5.7,0
Мой домашний динозавр,Семейный,Фантастика,Истории с животными,Современное кино (2000–2020),7.066,252030,The Water Horse,6.4,6.7
Белый клык,Семейный,Приключения,Истории с животными,Классика (до 2000 года),7.845,6855,White Fang,6.7,5.8
Самолеты: Огонь и вода,Семейный,Приключения,Детские приключения,Современное кино (2000–2020),6.623,769220,Planes: Fire and Rescue,5.9,5.2
Университет монстров,Семейный,Комедия,Семейные комедии,Современное кино (2000–2020),7.648,468904,Monsters University,7.2,6.8
100% волк,Семейный,Фэнтези,Истории с животными,Новинки (2020–2025),5.918,1204003,100% Wolf,5.7,0
Пингвины Мадагаскара,Семейный,Комедия,Истории с животными,Современное кино (2000–2020),6.656,607608,Penguins of Madagascar,6.6,6.2
Иван Царевич и Серый Волк,Семейный,Фэнтези,Детские приключения,Современное кино (2000–2020),6.705,406175,,6.2,0
Савва. Сердце воина,Семейный,Фэнтези,Детские приключения,Современное кино (2000–2020),4.644,474233,,4.4,4.4
Чудо-детки. Непутевые волшебники,Семейный,Фэнтези,Детские приключения,Новинки (2020–2025),6.8,1207341,Die Wolf-Gäng,4.8,0
Зверопой,Семейный,Комедия,Истории с животными,Современное кино (2000–2020),7.39,821008,Sing,7.1,6.4
Воскресный папа,Семейный,Комедия,Семейные комедии,Новинки (2020–2025),7.364,45852,,6.8,0
Ханна Монтана: Кино,Семейный,Комедия,Семейные комедии,Современное кино (2000–2020),6.144,405606,Hannah Montana: The Movie,4.8,5.2
Феи: Легенда о чудовище,Семейный,Фэнтези,Детские приключения,Современное кино (2000–2020),7.471,798490,Tinker Bell and the Legend of the NeverBeast,7.1,0
Легенды Орленка,Семейный,Приключения,Детские приключения,Новинки (2020–2025),7.704,4517052,,0,0
Белка и Стрелка: Лунные приключения,Семейный,Фантастика,Истории с животными,Современное кино (2000–2020),4.868,655729,,3.8,2.9
Космический джем: Новое поколение,Семейный,Фантастика,Семейные комедии,Новинки (2020–2025),6.25,841747,Space Jam: A New Legacy,4.5,4.4
Русалочка 2: Возвращение в море,Семейный,Фэнтези,Детские приключения,Современное кино (2000–2020),6.509,229358,The Little Mermaid II: Return to the Sea,5.5,4.1
Отважная Лифи,Семейный,Фэнтези,Детские приключения,Классика (до 2000 года),7.224,596493,Madangeul naon amtak,7,0
Агент Коди Бэнкс 2: Пункт назначения — Лондон,Семейный,Боевик (Экшен),Детские приключения,Современное кино (2000–2020),5.15,5001,Agent Cody Banks 2: Destination London,4.6,3.6
Возвращение на остров Ним,Семейный,Приключения,Детские приключения,Современное кино (2000–2020),5.195,688821,Return to Nim's Island,4.9,0
Новогодние приключения Маши и Вити,Семейный,Приключения,Детские приключения,Современное кино (2000–2020),7.955,252037,,6.9,0
101 далматинец,Семейный,Приключения,Истории с животными,Классика (до 2000 года),8.048,8129,One Hundred and One Dalmatians,7.3,8.2
Лесной патруль,Семейный,Приключения,Истории с животными,Новинки (2020–2025),5.609,744074,Pelle Politibil på sporet,4.8,0
Пограничный пес Алый,Семейный,Приключения,Истории с животными,Новинки (2020–2025),7.855,43074,,6.6,0
Моана,Семейный,Приключения,Детские приключения,Современное кино (2000–2020),7.799,837530,Moana,7.6,7.9
Братец медвежонок 2: Лоси в бегах,Семейный,Фэнтези,Истории с животными,Современное кино (2000–2020),7.432,229903,Brother Bear 2,6.1,5.6
Рэтчет и Кланк: Галактические рейнджеры,Семейный,Фантастика,Детские приключения,Новинки (2020–2025),6.237,758160,Ratchet & Clank,5.5,4.3
Феи,Семейный,Фэнтези,Детские приключения,Современное кино (2000–2020),7.699,301046,Tinker Bell,6.7,6.5
Приключения Электроника,Семейный,Фантастика,Детские приключения,Классика (до 2000 года),7.966,77284,,7.5,0
Кристофер Робин,Семейный,Фэнтези,Детские приключения,Современное кино (2000–2020),7.41,1033352,Christopher Robin,7.2,6.2
Как львенок и черепаха пели песню,Семейный,Приключения,Истории с животными,Новинки (2020–2025),8.009,257964,,7.3,0
Пит и его дракон,Семейный,Фэнтези,Детские приключения,Современное кино (2000–2020),6.584,756799,Pete's Dragon,6.7,7.4
Мадагаскар 3,Семейный,Комедия,Истории с животными,Современное кино (2000–2020),7.374,422792,Madagascar 3: Europe's Most Wanted,6.8,6.7
Кот в сапогах 2: Последнее желание,Семейный,Фэнтези,Истории с животными,Новинки (2020–2025),8.094,840821,Puss in Boots: The Last Wish,7.8,7.6
Радости и печали маленького лорда,Семейный,Драма,Межпоколенческие драмы,Современное кино (2000–2020),8.196,40699,,7.3,0
Мишка на севере,Семейный,Приключения,Истории с животными,Новинки (2020–2025),8.229,268381,Arctic Tale,6.9,0
Вонка,Семейный,Фэнтези,Детские приключения,Новинки (2020–2025),7.161,1013343,Wonka,6.9,7.2
Необыкновенное путешествие Серафимы,Семейный,Приключения,Детские приключения,Новинки (2020–2025),4.298,893199,,0,0
7-й гном,Семейный,Фэнтези,Детские приключения,Современное кино (2000–2020),0,337954,Das 7. Jahr - Ansichten zur Lage der Nation,7.4,0
Принцесса Лебедь,Семейный,Фэнтези,Детские приключения,Классика (до 2000 года),7.875,6667,The Swan Princess,6.4,6
Шапокляк,Семейный,Комедия,Детские приключения,Классика (до 2000 года),8.184,43725,,7.6,0
Джим Пуговка и машинист Лукас,Семейный,Фэнтези,Детские приключения,Современное кино (2000–2020),6.843,1026748,Jim Knopf & Lukas der Lokomotivführer,6.3,0
Семейный портрет в интерьере,Семейный,Комедия,Семейные комедии,Современное кино (2000–2020),7.896,13513,Gruppo di famiglia in un interno,7.3,6.1
Зеленый огонек,Семейный,Приключения,Детские приключения,Новинки (2020–2025),7.558,45265,,7.1,0
12 месяцев,Семейный,Фэнтези,Детские приключения,Классика (до 2000 года),4.909,725105,,4.2,0
Ральф,Семейный,Фантастика,Детские приключения,Современное кино (2000–2020),7.793,586260,Wreck-It Ralph,7.7,7.4
Мечтатель,Семейный,Драма,Истории с животными,Современное кино (2000–2020),7.746,81626,Dreamer: Inspired by a True Story,6.8,6.3
Тайна Снежной Королевы,Семейный,Фэнтези,Детские приключения,Современное кино (2000–2020),7.165,84144,,6.7,0
Конь Юлий и большие скачки,Семейный,Комедия,Истории с животными,Новинки (2020–2025),7.415,1113011,,5.4,0
Кролик Питер,Семейный,Комедия,Истории с животными,Современное кино (2000–2020),7.121,968043,Peter Rabbit,6.6,5.7
Джастин и рыцари доблести,Семейный,Фэнтези,Детские приключения,Современное кино (2000–2020),6.299,523135,Justin and the Knights of Valour,6,0
Мой любимый динозавр,Семейный,Фантастика,Детские приключения,Новинки (2020–2025),5.365,1008929,My Pet Dinosaur,4,0
Монстры на каникулах,Семейный,Фэнтези,Семейные комедии,Современное кино (2000–2020),7.739,280174,Hotel Transylvania,7,5.4
Смешарики. Легенда о Золотом Драконе,Семейный,Фэнтези,Детские приключения,Современное кино (2000–2020),6.253,840161,,5.4,0
Рождественская история,Семейный,Комедия,Семейные комедии,Классика (до 2000 года),7.766,391755,A Christmas Carol,6.8,5.9
Далеко - далеко,Семейный,Приключения,Истории с животными,Новинки (2020–2025),7.764,3465,Far and Away,6.6,5.5
Лило и Стич 2: Большая проблема Стича,Семейный,Фантастика,Семейные комедии,Современное кино (2000–2020),6.711,160921,Lilo & Stitch 2: Stitch Has a Glitch,6.2,5.4
Улетный транспорт,Семейный,Приключения,Детские приключения,Современное кино (2000–2020),5.824,39956,Soul Plane,4.6,3.7
Бунт ушастых,Семейный,Комедия,Истории с животными,Новинки (2020–2025),6.091,454962,Hop,5.4,4.3
История дельфина 2,Семейный,Биографический,Истории с животными,Современное кино (2000–2020),6.925,771227,Dolphin Tale 2,6.4,5.9
Бетховен: Большой бросок,Семейный,Комедия,Истории с животными,Классика (до 2000 года),4.573,404435,Beethoven's Big Break,4.5,0
Она и ее кот,Семейный,Мелодрама,Истории с животными,Классика (до 2000 года),0,24842,Meine Schwester das Biest,5.3,0
Летние войны,Семейный,Фантастика,Межпоколенческие драмы,Современное кино (2000–2020),7.724,470034,Sama uozu,7.4,7
Классный мюзикл: Каникулы,Семейный,Комедия,Семейные комедии,Современное кино (2000–2020),7.03,257353,High School Musical 2,5.3,5.8
Тачки 3,Семейный,Комедия,Детские приключения,Современное кино (2000–2020),7.276,839646,Cars 3,6.7,6.1
Доктор Айболит и его звери,Семейный,Приключения,Истории с животными,Классика (до 2000 года),7.422,259939,,0,0
Нико 2,Семейный,Приключения,Детские приключения,Современное кино (2000–2020),6.324,608159,Niko 2 - lentäjäveljekset,5.6,0
Думай как собака,Семейный,Фантастика,Истории с животными,Новинки (2020–2025),6.695,1115863,Think Like a Dog,5.2,6.1
Побег за мечтой,Семейный,Приключения,Детские приключения,Новинки (2020–2025),5.855,938870,,0,0
Разрушитель,Семейный,Приключения,Детские приключения,Современное кино (2000–2020),7.523,4827,Demolition Man,6.7,5.7
Два хвоста,Семейный,Приключения,Истории с животными,Современное кино (2000–2020),5.976,927822,,4.3,0
Сказки старого Волшебника,Семейный,Фэнтези,Детские приключения,Классика (до 2000 года),7.769,43819,,6.7,0
Возвращение кота,Семейный,Комедия,Истории с животными,Новинки (2020–2025),7.864,7854,Neko no ongaeshi,7.1,6.9
Монстр в Париже,Семейный,Фэнтези,Истории с животными,Современное кино (2000–2020),7.397,279685,Un monstre à Paris,6.7,5.9
Смолфут,Семейный,Фэнтези,Детские приключения,Современное кино (2000–2020),7.092,1035311,Smallfoot,6.6,6.3
Семейка с приветом: Миллионы по ветру,Семейный,Комедия,Семейные комедии,Новинки (2020–2025),6.282,575453,Les Tuche,5.5,0
Один дома 5: Праздничное ограбление,Семейный,Комедия,Детские приключения,Современное кино (2000–2020),2.76,673340,Home Alone: The Holiday Heist,3.5,0
Сезон охоты: Байки из леса,Семейный,Комедия,Истории с животными,Современное кино (2000–2020),7.097,77465,Open Season,6.1,5.4
Александр Маленький,Семейный,Комедия,Детские приключения,Новинки (2020–2025),7.874,43451,,7,0
Каспер,Семейный,Фэнтези,Детские приключения,Классика (до 2000 года),7.192,7098,Casper,6.2,5.1
Небеса реальны,Семейный,Драма,Детские приключения,Современное кино (2000–2020),0,5500883,,0,0
Песенка мышонка,Семейный,Комедия,Истории с животными,Классика (до 2000 года),8.12,455511,,6.8,0
Принцесса на бобах,Семейный,Фэнтези,Детские приключения,Новинки (2020–2025),6.975,63894,,6,0
Айболит и Бармалей,Семейный,Приключения,Истории с животными,Классика (до 2000 года),7.19,259247,,6.8,0
Кот под прикрытием,Семейный,Комедия,Истории с животными,Новинки (2020–2025),7.753,1142566,Spycies,5.5,0
Шрэк навсегда,Семейный,Фэнтези,Семейные комедии,Современное кино (2000–2020),7.04,271806,Shrek Forever After,6.3,5.9
Мэри Поппинс возвращается,Семейный,Фэнтези,Детские приключения,Современное кино (2000–2020),6.724,933182,Mary Poppins Returns,6.7,7.3
Дорогая моя доченька,Семейный,Драма,Межпоколенческие драмы,Классика (до 2000 года),6.778,580750,,0,0
Angry Birds 2 в кино,Семейный,Комедия,Истории с животными,Современное кино (2000–2020),7.231,1040441,The Angry Birds Movie 2,6.4,5.7
Петя и Красная Шапочка,Семейный,Фэнтези,Детские приключения,Классика (до 2000 года),7.998,42973,,7.5,0
Приключения Реми,Семейный,Приключения,Истории с животными,Современное кино (2000–2020),8.338,1108571,Rémi sans famille,7.1,0
Стюарт Литтл 3: Зов природы,Семейный,Приключения,Истории с животными,Современное кино (2000–2020),4.766,172334,Stuart Little 3: Call of the Wild,4.3,6.3
Скуби-Ду 2: Монстры на свободе,Семейный,Приключения,Детские приключения,Современное кино (2000–2020),5.821,6186,Scooby Doo 2: Monsters Unleashed,5.3,4.3
Отставной козы барабанщик,Семейный,Комедия,Истории с животными,Классика (до 2000 года),6.801,42853,,5.9,0
Отважная,Семейный,Фэнтези,Межпоколенческие драмы,Современное кино (2000–2020),6.939,195283,The Brave One,6.7,5.6
Малыш и Карлсон,Семейный,Комедия,Детские приключения,Классика (до 2000 года),8.503,251884,,8,0
Королевский корги,Семейный,Комедия,Истории с животными,Современное кино (2000–2020),7.095,1047996,The Queen's Corgi,4.9,3.6
Незнайка учится,Семейный,Комедия,Детские приключения,Новинки (2020–2025),7.297,257947,,6.5,0
Песнь моря,Семейный,Фэнтези,Детские приключения,Современное кино (2000–2020),8.23,714248,Song of the Sea,8,8.4
Девять жизней,Семейный,Комедия,Истории с животными,Современное кино (2000–2020),6.501,885349,Nine Lives,5.3,3.2
Летучий корабль,Семейный,Фэнтези,Детские приключения,Новинки (2020–2025),8.5,45086,,7.8,0
Душа,Семейный,Фантастика,Межпоколенческие драмы,Новинки (2020–2025),8.358,775273,Soul,8,8.3
Маша и медведь: Новые истории,Семейный,Комедия,Истории с животными,Новинки (2020–2025),6.738,1045559,,0,0
Шрэк 2,Семейный,Фэнтези,Семейные комедии,Современное кино (2000–2020),7.962,5273,Shrek 2,7.4,7.7
Рапунцель: Счастлива навсегда,Семейный,Фэнтези,Детские приключения,Современное кино (2000–2020),7.908,648419,Tangled Ever After,7.5,0
Выше радуги,Семейный,Приключения,Детские приключения,Классика (до 2000 года),7.887,85175,,7.1,0
Мэри Поппинс,Семейный,Фэнтези,Детские приключения,Классика (до 2000 года),7.604,8156,Mary Poppins,7.8,8.4
Васильки для Василисы,Семейный,Фэнтези,Детские приключения,Новинки (2020–2025),6.469,685252,,4.8,0
Маленький принц,Семейный,Фэнтези,Детские приключения,Современное кино (2000–2020),8.095,572553,Le petit prince,7.6,7.3
Чертенок с пушистым хвостом,Семейный,Фэнтези,Детские приключения,Классика (до 2000 года),7.751,259328,,6.8,0
Папа-мама Гусь,Семейный,Комедия,Истории с животными,Классика (до 2000 года),6.578,928533,Duck Duck Goose,5.8,0
Праздник новогодней елки,Семейный,Фэнтези,Детские приключения,Классика (до 2000 года),8.694,1044011,,0,0
Большой Ух,Семейный,Комедия,Истории с животными,Классика (до 2000 года),8.126,430455,,7.3,0
Гадкий я,Семейный,Комедия,Семейные комедии,Современное кино (2000–2020),7.798,432724,Despicable Me,7.6,6.7
Дядюшка Ау,Семейный,Комедия,Детские приключения,Классика (до 2000 года),7.942,425016,,7.1,0
Зима в Простоквашино,Семейный,Комедия,Истории с животными,Классика (до 2000 года),8.826,256566,,8.3,0
Марли и я,Семейный,Комедия,Истории с животными,Современное кино (2000–2020),7.821,279850,Marley & Me,7,6.1
Рамона и Бизус,Семейный,Комедия,Семейные комедии,Современное кино (2000–2020),7.201,446200,Ramona and Beezus,6.5,6.2
История Золушки,Семейный,Фэнтези,Детские приключения,Классика (до 2000 года),6.878,3842,A Cinderella Story,5.9,3.7
Чиполлино,Семейный,Комедия,Детские приключения,Классика (до 2000 года),8.16,260347,,7.5,0
Шрэк Третий,Семейный,Фэнтези,Семейные комедии,Современное кино (2000–2020),6.73,84020,Shrek the Third,6.1,5.5
Джордж из джунглей,Семейный,Приключения,Детские приключения,Классика (до 2000 года),6.261,6665,George of the Jungle,5.6,5.5
Кошкин дом,Семейный,Комедия,Истории с животными,Классика (до 2000 года),8.083,44940,,7.3,0
Изумительный Морис,Семейный,Фэнтези,Истории с животными,Новинки (2020–2025),7.323,1450722,The Amazing Maurice,6.2,6.3
Один дома 2: Затерянный в Нью-Йорке,Семейный,Комедия,Детские приключения,Классика (до 2000 года),8.033,5928,Home Alone 2: Lost in New York,6.9,4.5
Марли и я 2,Семейный,Комедия,Истории с животными,Современное кино (2000–2020),4.106,561588,Marley & Me: The Puppy Years,3.5,0
Свалкармония,Семейный,Драма,Детские приключения,Современное кино (2000–2020),0,814004,Landfill Harmonic,8.1,0
Феи: Потерянное сокровище,Семейный,Фэнтези,Детские приключения,Современное кино (2000–2020),7.779,409218,Tinker Bell and the Lost Treasure,6.6,0
Роботы,Семейный,Фантастика,Детские приключения,Современное кино (2000–2020),7.23,40666,Robots,6.4,6.5
Волшебный парк Джун,Семейный,Приключения,Истории с животными,Новинки (2020–2025),6.776,1041723,Wonder Park,5.9,0
Девочка и крокодил,Семейный,Приключения,Истории с животными,Новинки (2020–2025),7.641,44171,,7.2,0
Приключения Паддингтона,Семейный,Приключения,Истории с животными,Современное кино (2000–2020),7.297,463897,Paddington,7.3,7.9
Дядя Степа — милиционер,Семейный,Комедия,Семейные комедии,Классика (до 2000 года),6.962,258039,,6.6,0
Бэйб: Четвероногий малыш,Семейный,Комедия,Истории с животными,Классика (до 2000 года),6.999,3829,Babe,6.9,8.2
Сказка о потерянном времени,Семейный,Фэнтези,Детские приключения,Классика (до 2000 года),8.136,43811,,7,0
Феи: Загадка пиратского острова,Семейный,Приключения,Детские приключения,Современное кино (2000–2020),6.962,726839,The Pirate Fairy,6.6,6.4
Дети шпионов 4D,Семейный,Боевик (Экшен),Детские приключения,Новинки (2020–2025),3.748,477764,Spy Kids: All the Time in the World,3.6,3.9
Ореховый прутик,Семейный,Фэнтези,Детские приключения,Новинки (2020–2025),7.995,457811,,7.2,0
Подарок для самого слабого,Семейный,Драма,Истории с животными,Новинки (2020–2025),8.142,256983,,7.5,0
Вперёд,Семейный,Фэнтези,Детские приключения,Новинки (2020–2025),7.802,1080513,Onward,7.4,7.2
Новые приключения Дони и Микки,Семейный,Приключения,Детские приключения,Новинки (2020–2025),6.794,411773,,7,0
Пальма,Семейный,Драма,Истории с животными,Новинки (2020–2025),8.367,1142206,,6.8,0
Наследники 2,Семейный,Фантастика,Детские приключения,Современное кино (2000–2020),6.415,940133,Descendants 2,6.3,0
Катерок,Семейный,Приключения,Детские приключения,Классика (до 2000 года),7.425,258097,,6.7,0
Август Раш,Семейный,Драма,Детские приключения,Современное кино (2000–2020),7.98,86566,August Rush,7.4,4.9
Элвин и бурундуки: Грандиозное бурундуключение,Семейный,Комедия,Истории с животными,Современное кино (2000–2020),5.913,771095,Alvin and the Chipmunks: The Road Chip,4.9,3.7
Простой карандаш,Семейный,Фэнтези,Детские приключения,Новинки (2020–2025),6.76,1103916,,0,0
Принцесса на горошине,Семейный,Фэнтези,Детские приключения,Современное кино (2000–2020),7.92,43267,,6.6,0
Моя ужасная няня 2,Семейный,Фэнтези,Детские приключения,Современное кино (2000–2020),6.448,458233,Nanny McPhee and the Big Bang,6.1,6.6
Уоллес и Громит: Проклятие кролика-оборотня,Семейный,Комедия,Истории с животными,Современное кино (2000–2020),7.17,22399,The Curse of the Were-Rabbit,7.5,8.1
Винни Пух и день забот,Семейный,Комедия,Истории с животными,Новинки (2020–2025),8.765,45780,,8.2,0
Это моя собака,Семейный,Драма,Истории с животными,Современное кино (2000–2020),6.65,717217,,0,0
История игрушек 4,Семейный,Приключения,Детские приключения,Современное кино (2000–2020),7.672,846824,Toy Story 4,7.6,8.4
Эластико,Семейный,Фэнтези,Детские приключения,Новинки (2020–2025),6.386,980835,,5.5,0
Дюймовочка,Семейный,Фэнтези,Детские приключения,Классика (до 2000 года),7.937,44380,,7.2,0
Принц Египта,Семейный,Фэнтези,Детские приключения,Классика (до 2000 года),7.701,3469,The Prince of Egypt,7.2,7
Мумия: Принц Египта,Семейный,Фэнтези,Межпоколенческие драмы,Классика (до 2000 года),5.786,5624,Tale of the Mummy,4,4.2
Ариэтти из страны лилипутов,Семейный,Фэнтези,Детские приключения,Современное кино (2000–2020),7.907,492366,Karigurashi no Arietti,7.6,7.7
Новые приключения Аленушки и Еремы,Семейный,Приключения,Детские приключения,Новинки (2020–2025),2.635,414930,,2.6,0
Барби и Щелкунчик,Семейный,Фэнтези,Детские приключения,Современное кино (2000–2020),6.769,79675,Barbie in the Nutcracker,6.4,4.7
Сезон охоты,Семейный,Комедия,Истории с животными,Современное кино (2000–2020),7.097,77465,Open Season,6.1,5.4
Муравьишка-хвастунишка,Семейный,Комедия,Истории с животными,Новинки (2020–2025),7.366,46736,,6.7,0
Ледниковый период 3: Эра динозавров,Семейный,Приключения,Истории с животными,Современное кино (2000–2020),7.556,392930,Ice Age: Dawn of the Dinosaurs,6.9,5.4
Рапунцель: Запутанная История,Семейный,Фэнтези,Детские приключения,Современное кино (2000–2020),7.962,84049,Tangled,7.7,7.5
Окча,Семейный,Фантастика,Истории с животными,Современное кино (2000–2020),7.03,909848,Okja,7.3,7.6
Девочка и лисенок,Семейный,Приключения,Истории с животными,Современное кино (2000–2020),7.623,276429,Le renard et l'enfant,6.8,0
Снупи и мелочь пузатая в кино,Семейный,Комедия,Истории с животными,Новинки (2020–2025),6.577,713465,The Peanuts Movie,7,7.1
Алеша Попович и Тугарин Змей,Семейный,Фэнтези,Детские приключения,Современное кино (2000–2020),7.974,81041,,7.1,0
Спасти Санту,Семейный,Фэнтези,Детские приключения,Современное кино (2000–2020),5.116,665100,Saving Santa,5.3,0
Могучий Джо Янг,Семейный,Приключения,Истории с животными,Классика (до 2000 года),6.659,2211,Mighty Joe Young,5.7,5.9
Вилли Вонка и шоколадная фабрика,Семейный,Фэнтези,Детские приключения,Классика (до 2000 года),8.1
Голоса большой страны,Семейный,Драма,Межпоколенческие драмы,Новинки (2020–2025),5.82,893520,,4.2,0
Новые приключения попугая Кеши,Семейный,Приключения,Истории с животными,Современное кино (2000–2020),5.803,487555,,5.4,0
Ральф против интернета,Семейный,Комедия,Детские приключения,Современное кино (2000–2020),7.38,988782,Ralph Breaks the Internet,7,7.3
Благодаря Винн Дикси,Семейный,Комедия,Истории с животными,Современное кино (2000–2020),7.241,41951,Because of Winn-Dixie,6.4,5.9
Война тануки в периоды Хэйсэй и Помпоко,Семейный,Фэнтези,Истории с животными,Классика (до 2000 года),7.72,103380,Heisei tanuki gassen pompoko,7.2,6
Мадагаскар: Любовная лихорадка,Семейный,Приключения,Истории с животными,Современное кино (2000–2020),6.176,724102,Madly Madagascar,6.1,0
Драконы: Гонки бесстрашных. Начало,Семейный,Фэнтези,Истории с животными,Современное кино (2000–2020),6.655,843475,Dragons: Dawn of the Dragon Racers,6.7,0
Отцовство,Семейный,Драма,Межпоколенческие драмы,Новинки (2020–2025),6.783,1231013,Fatherhood,6.6,6.4
Последняя Мимзи Вселенной,Семейный,Фантастика,Детские приключения,Современное кино (2000–2020),6.295,252033,The Last Mimzy,6.2,5.9
Сказка о мертвой царевне и семи богатырях,Семейный,Фэнтези,Детские приключения,Классика (до 2000 года),8.016,260006,,7.3,0
Золушка,Семейный,Фэнтези,Детские приключения,Классика (до 2000 года),8.052,8231,Cinderella,7.3,8.1
