Два мира;Фантастика;Мелодрама;Альтернативная реальность;Новинки (2020–2025);6.3
Два мира;Фантастика;Мелодрама;Альтернативная реальность;Новинки (2020–2025);6.663;261403;Les deux mondes;5.6;0
Планета обезьян: Революция;Фантастика;Боевик (Экшен);Постапокалипсис;Современное кино (2000–2020);7.064;646674;Dawn of the Planet of the Apes;7.6;8
Коридор бессмертия;Фантастика;Боевик (Экшен);Альтернативная реальность;Новинки (2020–2025);7.25;893835;;5.6;0
Риддик;Фантастика;Боевик (Экшен);Космическая;Современное кино (2000–2020);6.78;455767;Riddick;6.4;5.4
Филадельфийский эксперимент;Фантастика;Триллер;Альтернативная реальность;Классика (до 2000 года);6.656;2445;The Philadelphia Experiment;6.1;5.1
Побег из Нью-Йорка;Фантастика;Боевик (Экшен);Постапокалипсис;Классика (до 2000 года);6.932;4404;Escape from New York;7.1;7.3
Обитаемый остров;Фантастика;Боевик (Экшен);Космическая;Современное кино (2000–2020);4.331;257774;;5.1;0
Запрещенная реальность;Фантастика;Боевик (Экшен);Альтернативная реальность;Современное кино (2000–2020);2.775;251991;;3.6;0
Она;Фантастика;Мелодрама;Альтернативная реальность;Современное кино (2000–2020);7.662;577488;Her;8;8.5
Виктор Франкенштейн;Фантастика;Ужасы;Альтернативная реальность;Современное кино (2000–2020);6.191;596985;Victor Frankenstein;6;4.7
Искусственный разум;Фантастика;Драма;Альтернативная реальность;Современное кино (2000–2020);7.924;594;Artificial Intelligence: AI;7.2;6.7
Фантастическая четверка: Вторжение Серебряного серфера;Фантастика;Боевик (Экшен);Космическая;Современное кино (2000–2020);6.516;178557;4: Rise of the Silver Surfer;5.6;4.8
Чужой: Завет;Фантастика;Ужасы;Космическая;Современное кино (2000–2020);6.087;695548;Alien: Covenant;6.4;6.3
Звездные войны: Эпизод 2 — Атака клонов;Фантастика;Боевик (Экшен);Космическая;Современное кино (2000–2020);7.986;844;Star Wars: Episode II - Attack of the Clones;6.6;6.5
День независимости: Возрождение;Фантастика;Боевик (Экшен);Космическая;Современное кино (2000–2020);5.44;505827;Independence Day: Resurgence;5.2;4.3
Предчувствие;Фантастика;Драма;Альтернативная реальность;Современное кино (2000–2020);7.278;195239;Premonition;5.9;3.8
Врата Штейна: Дежавю;Фантастика;Триллер;Альтернативная реальность;Современное кино (2000–2020);7.859;718442;Steins;Gate Movie: Fuka Ryouiki no Deja vu;7.8;0
Континуум;Фантастика;Боевик (Экшен);Киберпанк;Современное кино (2000–2020);6.446;711454;Project Almanac;6.4;4.8
Планета Ка-Пэкс;Фантастика;Драма;Космическая;Современное кино (2000–2020);8.075;723;K-PAX;7.4;5.2
Эффект бабочки 2;Фантастика;Триллер;Альтернативная реальность;Современное кино (2000–2020);4.658;197258;The Butterfly Effect 2;4.5;3.1
Обитель зла 3;Фантастика;Боевик (Экшен);Постапокалипсис;Современное кино (2000–2020);6.576;88172;Resident Evil: Extinction;6.2;4.3
Метеор – убийца;Фантастика;Боевик (Экшен);Космическая;Классика (до 2000 года);5.838;24731;Feng yu shuang liu xing;4.9;0
Люди Икс: Дни минувшего будущего;Фантастика;Боевик (Экшен);Постапокалипсис;Современное кино (2000–2020);7.728;597687;X-Men: Days of Future Past;7.9;7.5
Особь 2;Фантастика;Ужасы;Космическая;Классика (до 2000 года);5.202;11876;Species II;4.5;3.3
Аномалия;Фантастика;Боевик (Экшен);Альтернативная реальность;Новинки (2020–2025);5.514;769744;The Anomaly;4.7;3.6
Монстры;Фантастика;Ужасы;Постапокалипсис;Современное кино (2000–2020);7.352;1435087;Monster;7.8;0
Доктор Стрэндж: В мультивселенной безумия;Фантастика;Боевик (Экшен);Альтернативная реальность;Новинки (2020–2025);6.504;1219909;Doctor Strange in the Multiverse of Madness;6.9;6.5
Эволюция;Фантастика;Комедия;Космическая;Современное кино (2000–2020);6.985;5413;Evolution;6.1;4.9
Гренландия;Фантастика;Боевик (Экшен);Постапокалипсис;Новинки (2020–2025);6.915;1164520;Greenland;6.4;6.3
Последние дни на Марсе;Фантастика;Ужасы;Космическая;Современное кино (2000–2020);5.548;566111;The Last Days on Mars;5.5;4.7
Робокоп 2;Фантастика;Боевик (Экшен);Киберпанк;Классика (до 2000 года);6.845;4061;RoboCop 2;5.8;4.7
Вторжение;Фантастика;Боевик (Экшен);Космическая;Новинки (2020–2025);6.095;1045582;;5.6;0
Черновик;Фантастика;Боевик (Экшен);Альтернативная реальность;Современное кино (2000–2020);5.178;893681;;4.5;0
Нирвана;Фантастика;Боевик (Экшен);Киберпанк;Классика (до 2000 года);6.687;309394;;5.9;0
Война миров: Вторжение;Фантастика;Боевик (Экшен);Космическая;Новинки (2020–2025);5.014;1389732;War of the Worlds: The Attack;3.2;0
Марс Экспресс;Фантастика;Детектив;Космическая;Новинки (2020–2025);7.566;5304408;Mars Express;7.5;7.8
За пределами Вселенной;Фантастика;Боевик (Экшен);Альтернативная реальность;Новинки (2020–2025);5.887;978979;The Beyond;4.9;0
Радиоволна;Фантастика;Детектив;Альтернативная реальность;Классика (до 2000 года);7.828;675;Frequency;7.4;6.5
Звездный путь 2: Гнев Хана;Фантастика;Боевик (Экшен);Космическая;Классика (до 2000 года);7.369;6583;Star Trek II: The Wrath of Khan;7.7;8.1
Алита: Боевой ангел;Фантастика;Боевик (Экшен);Киберпанк;Современное кино (2000–2020);7.232;88173;Alita: Battle Angel;7.3;6
Кибер;Фантастика;Боевик (Экшен);Киберпанк;Новинки (2020–2025);5.422;739892;Blackhat;5.5;4.9
Случай в квадрате 36-80;Фантастика;Комедия;Космическая;Классика (до 2000 года);6.888;43858;;5.9;0
Вторжение динозавра;Фантастика;Боевик (Экшен);Постапокалипсис;Новинки (2020–2025);6.548;250278;Gwoemul;7.1;7.7
Скайлайн;Фантастика;Ужасы;Космическая;Современное кино (2000–2020);4.72;493223;Skyline;4.5;3.6
Звездные войны: Эпизод 1 - Скрытая угроза;Фантастика;Приключения;Космическая;Классика (до 2000 года);7.925;6695;Star Wars: Episode I - The Phantom Menace;6.5;6
Обитель зла: Возмездие;Фантастика;Боевик (Экшен);Постапокалипсис;Современное кино (2000–2020);5.31;581493;Resident Evil: Retribution;5.3;4.3
Время;Фантастика;Боевик (Экшен);Альтернативная реальность;Современное кино (2000–2020);7.282;517988;In Time;6.7;5.3
Сквозь снег;Фантастика;Боевик (Экшен);Постапокалипсис;Современное кино (2000–2020);6.76;566283;Snowpiercer;7.1;8.2
Футурама: Зверь с миллиардом спин;Фантастика;Комедия;Космическая;Современное кино (2000–2020);7.267;376446;Futurama: The Beast with a Billion Backs;7.1;0
Патэма наоборот;Фантастика;Приключения;Альтернативная реальность;Современное кино (2000–2020);7.402;684131;Sakasama no Patema;7.3;5.5
Восхождение Юпитер;Фантастика;Боевик (Экшен);Космическая;Современное кино (2000–2020);5.628;505966;Jupiter Ascending;5.3;4.5
Прометей;Фантастика;Ужасы;Космическая;Современное кино (2000–2020);7.025;4959136;;0;0
Грань будущего;Фантастика;Боевик (Экшен);Альтернативная реальность;Современное кино (2000–2020);7.943;505851;Edge of Tomorrow;7.9;7.5
Отроки во вселенной;Фантастика;Драма;Постапокалипсис;Новинки (2020–2025);7.442;42849;;6.7;0
Хроники мутантов;Фантастика;Боевик (Экшен);Постапокалипсис;Современное кино (2000–2020);4.688;220396;Mutant Chronicles;5.2;3.5
Хакеры;Фантастика;Триллер;Киберпанк;Классика (до 2000 года);7.094;4134;Hackers;6.2;4.9
Гольфстрим под айсбергом;Фантастика;Драма;Постапокалипсис;Современное кино (2000–2020);4.133;453202;;5.3;0
Ковбой Бибоп;Фантастика;Боевик (Экшен);Космическая;Классика (до 2000 года);8.653;229653;Cowboy Bebop;8.9;0
Донни Дарко;Фантастика;Драма;Альтернативная реальность;Современное кино (2000–2020);7.601;410;Donnie Darko;8;7.7
Птичий короб;Фантастика;Ужасы;Постапокалипсис;Современное кино (2000–2020);6.799;741214;Bird Box;6.6;5.9
Путешествие времени;Фантастика;Мелодрама;Альтернативная реальность;Современное кино (2000–2020);6.22;604271;Voyage of Time: Life's Journey;6.5;5.8
Через тернии к звездам;Фантастика;Приключения;Космическая;Классика (до 2000 года);7.39;45488;;6;0
Миссия на Марс;Фантастика;Приключения;Космическая;Современное кино (2000–2020);6.66;7353;Mission to Mars;5.7;4.1
Годзилла 2: Король монстров;Фантастика;Боевик (Экшен);Постапокалипсис;Современное кино (2000–2020);5.954;840045;Godzilla: King of the Monsters;6;5.2
Метрополис;Фантастика;Драма;Киберпанк;Классика (до 2000 года);8.085;417;Metropolis;8.3;9.1
Спектральный;Фантастика;Боевик (Экшен);Альтернативная реальность;Современное кино (2000–2020);6.011;708955;Spectral;6.3;5.7
Машина;Фантастика;Триллер;Киберпанк;Современное кино (2000–2020);6.075;688639;The Machine;6;6.3
Код 8;Фантастика;Боевик (Экшен);Альтернативная реальность;Современное кино (2000–2020);6.358;1017338;Code 8;6.1;6.4
Солярис;Фантастика;Драма;Космическая;Классика (до 2000 года);8.003;43911;;7.9;8.6
Поколение Вояджер;Фантастика;Триллер;Космическая;Новинки (2020–2025);6.212;1261585;Voyagers;5.5;4.9
Я — Четвертый;Фантастика;Боевик (Экшен);Альтернативная реальность;Современное кино (2000–2020);6.413;468872;I Am Number Four;6.1;4.7
Звездный путь;Фантастика;Боевик (Экшен);Космическая;Современное кино (2000–2020);7.769;255129;Star Trek;7.9;8.1
Трон;Фантастика;Боевик (Экшен);Альтернативная реальность;Классика (до 2000 года);6.889;17463;Tron;6.7;6.3
Куб Зеро;Фантастика;Ужасы;Альтернативная реальность;Современное кино (2000–2020);5.972;61428;Cube Zero;5.6;7.2
Луна;Фантастика;Драма;Космическая;Современное кино (2000–2020);8.009;592302;La Luna;7.8;0
Матрица: Революция;Фантастика;Боевик (Экшен);Киберпанк;Современное кино (2000–2020);7.633;316;The Matrix Revolutions;6.7;5.3
Акира;Фантастика;Боевик (Экшен);Киберпанк;Классика (до 2000 года);7.886;8224;Akira;8;7.9
За гранью;Фантастика;Драма;Альтернативная реальность;Современное кино (2000–2020);7.388;8051;Beyond Borders;6.4;4.3
Темный город;Фантастика;Триллер;Альтернативная реальность;Классика (до 2000 года);0;340644;Dark Town;3.2;0
Новая Земля;Фантастика;Драма;Космическая;Новинки (2020–2025);6.973;408403;;6.6;0
Стражи Галактики;Фантастика;Боевик (Экшен);Космическая;Современное кино (2000–2020);7.859;689066;Guardians of the Galaxy;8;7.9
Воспоминания;Фантастика;Драма;Космическая;Классика (до 2000 года);6.59;811078;Reminiscence;5.9;5.1
Во власти Луны;Фантастика;Боевик (Экшен);Космическая;Новинки (2020–2025);7.386;20586;Moonstruck;7.2;7.8
Армагеддон;Фантастика;Боевик (Экшен);Космическая;Классика (до 2000 года);7.78;2941;Armageddon;6.7;5.3
Стражи Галактики. Часть 2;Фантастика;Боевик (Экшен);Космическая;Современное кино (2000–2020);7.782;841263;Guardians of the Galaxy Vol. 2;7.6;7.3
Скольжение;Фантастика;Триллер;Альтернативная реальность;Новинки (2020–2025);6.262;734725;;5.8;0
Обитаемый остров: Схватка;Фантастика;Боевик (Экшен);Постапокалипсис;Современное кино (2000–2020);4.151;374715;;5;0
Пассажиры;Фантастика;Мелодрама;Космическая;Современное кино (2000–2020);7.242;470689;Passengers;7;5
5-я волна;Фантастика;Боевик (Экшен);Постапокалипсис;Современное кино (2000–2020);5.163;673157;The 5th Wave;5.2;4.3
После пробуждения;Фантастика;Драма;Альтернативная реальность;Новинки (2020–2025);6.164;1449918;Time Is Up;4.3;0
Куб;Фантастика;Триллер;Альтернативная реальность;Классика (до 2000 года);7.221;20590;Cube;7.1;6.3
Следопыт;Фантастика;Боевик (Экшен);Постапокалипсис;Новинки (2020–2025);5.59;161149;Pathfinder;5.4;3.7
Гиперболоид инженера Гарина;Фантастика;Боевик (Экшен);Другое;Классика (до 2000 года);6.843;44507;;6.4;0
Годзилла;Фантастика;Ужасы;Постапокалипсис;Классика (до 2000 года);6.139;260991;Godzilla;6.4;6.7
Зеркало для героя;Фантастика;Приключения;Альтернативная реальность;Классика (до 2000 года);7.839;45276;;7.4;0
Множество;Фантастика;Драма;Альтернативная реальность;Современное кино (2000–2020);6.916;4174;Multiplicity;6.2;5.5
Два мира;Фантастика;Мелодрама;Альтернативная реальность;Новинки (2020–2025);6.3
Легион;Фантастика;Боевик (Экшен);Постапокалипсис;Современное кино (2000–2020);5.598;426002;Legion;5.3;0
Я - легенда;Фантастика;Ужасы;Постапокалипсис;Современное кино (2000–2020);7.873;195524;I Am Legend;7.2;6.3
Жизнь;Фантастика;Ужасы;Космическая;Современное кино (2000–2020);8.615;586187;One Life;7.9;6.8
Куб 2: Гиперкуб;Фантастика;Триллер;Альтернативная реальность;Современное кино (2000–2020);6.359;8121;Cube 2: Hypercube;5.5;5.2
Феномен;Фантастика;Драма;Альтернативная реальность;Классика (до 2000 года);7.522;4768;Phenomenon;6.5;5.9
Жена путешественника во времени;Фантастика;Мелодрама;Альтернативная реальность;Современное кино (2000–2020);7.653;102128;The Time Traveler's Wife;7.1;5.1
Добро пожаловать в рай;Фантастика;Драма;Альтернативная реальность;Новинки (2020–2025);6.931;61261;Into the Blue;5.9;4.1
Мир Дикого Запада;Фантастика;Триллер;Альтернативная реальность;Современное кино (2000–2020);7.807;195523;Westworld;8.4;0
Гаттака;Фантастика;Драма;Альтернативная реальность;Классика (до 2000 года);7.968;5012;Gattaca;7.7;7.2
Парадокс Кловерфилда;Фантастика;Ужасы;Альтернативная реальность;Современное кино (2000–2020);5.886;722816;The Cloverfield Paradox;5.5;4.6
Другой мир 2: Эволюция;Фантастика;Боевик (Экшен);Альтернативная реальность;Современное кино (2000–2020);7.031;77441;Underworld: Evolution;6.7;3.9
Звездные Войны: Эпизод III - Месть ситхов;Фантастика;Боевик (Экшен);Космическая;Современное кино (2000–2020);8.124;5619;Star Wars: Episode III - Revenge of the Sith;7.6;7.2
Открой глаза;Фантастика;Триллер;Альтернативная реальность;Классика (до 2000 года);7.573;8362;Abre los ojos;7.7;7.4
Звездный путь: Первый контакт;Фантастика;Боевик (Экшен);Космическая;Классика (до 2000 года);7.109;3475;Star Trek: First Contact;7.6;7.5
Тихая ночь;Фантастика;Драма;Постапокалипсис;Новинки (2020–2025);6.42;1345777;Silent Night;5.8;6.3
Звездные войны: Эпизод 3 - Месть Ситхов;Фантастика;Боевик (Экшен);Космическая;Современное кино (2000–2020);8.124;5619;Star Wars: Episode III - Revenge of the Sith;7.6;7.2
Звездные войны: Эпизод 6 — Возвращение Джедая;Фантастика;Боевик (Экшен);Космическая;Классика (до 2000 года);8.152;447;Star Wars: Episode VI - Return of the Jedi;8.3;7.6
Завод;Фантастика;Триллер;Киберпанк;Современное кино (2000–2020);7.189;993591;;6.7;0
Призрак в доспехах 2: Невинность;Фантастика;Боевик (Экшен);Киберпанк;Современное кино (2000–2020);7.671;50255;Innocence;7.4;6.3
Киборг;Фантастика;Боевик (Экшен);Постапокалипсис;Классика (до 2000 года);6.015;4010;Cyborg;5;3.5
Флешбэк;Фантастика;Триллер;Альтернативная реальность;Новинки (2020–2025);6.624;1355142;Memory;5.8;4.7
Звездные Войны: Войны клонов;Фантастика;Боевик (Экшен);Космическая;Современное кино (2000–2020);7.608;229861;Star Wars: The Clone Wars;8.5;0
Хроника;Фантастика;Боевик (Экшен);Альтернативная реальность;Современное кино (2000–2020);6.688;559242;Chronicle;7;7.1
Ловец снов;Фантастика;Ужасы;Космическая;Современное кино (2000–2020);6.645;6060;Dreamcatcher;5.5;4.8
Первые на Луне;Фантастика;Детектив;Космическая;Современное кино (2000–2020);6.869;160990;;6.7;0
Тайна 7 сестер;Фантастика;Триллер;Постапокалипсис;Современное кино (2000–2020);6.833;484628;What Happened to Monday;6.8;5.9
Терминатор 2 - 3D;Фантастика;Боевик (Экшен);Постапокалипсис;Классика (до 2000 года);7.683;6299;T2 3-D: Battle Across Time;7.6;0
Каин XVIII;Фантастика;Триллер;Киберпанк;Новинки (2020–2025);7.702;44671;;7.2;0
Эон Флакс;Фантастика;Боевик (Экшен);Постапокалипсис;Современное кино (2000–2020);5.787;77426;Æon Flux;5.4;3.6
Потерянное Рождество;Фантастика;Драма;Постапокалипсис;Современное кино (2000–2020);7.271;577558;Lost Christmas;7;0
Терминатор: Да придет спаситель;Фантастика;Боевик (Экшен);Постапокалипсис;Современное кино (2000–2020);5.316;474874;Terminator Salvation: The Machinima Series;5.3;0
Джон Картер;Фантастика;Приключения;Космическая;Современное кино (2000–2020);6.929;77540;John Carter;6.6;5.8
Круг;Фантастика;Триллер;Альтернативная реальность;Современное кино (2000–2020);5.757;791178;Circle;6;4.2
Вступление;Фантастика;Боевик (Экшен);Альтернативная реальность;Современное кино (2000–2020);6.814;45942;;7.6;0
Телепорт;Фантастика;Боевик (Экшен);Альтернативная реальность;Современное кино (2000–2020);7.037;220589;Jumper;6.1;4
Притяжение;Фантастика;Боевик (Экшен);Космическая;Современное кино (2000–2020);5.821;840250;;5.6;4.9
Бездна;Фантастика;Боевик (Экшен);Другое;Классика (до 2000 года);7.836;2342;The Abyss;7.5;7.4
Небо падших;Фантастика;Боевик (Экшен);Постапокалипсис;Новинки (2020–2025);6.318;741627;;0;0
Атака Титанов. Фильм второй: Конец света;Фантастика;Боевик (Экшен);Постапокалипсис;Современное кино (2000–2020);4.83;888854;Shingeki no kyojin endo obu za warudo;4.7;6
Человек-Паук: Паутина Вселенных;Фантастика;Боевик (Экшен);Альтернативная реальность;Новинки (2020–2025);8.344;1219177;Spider-Man: Across the Spider-Verse;8.5;8.6
Первому игроку приготовиться;Фантастика;Приключения;Постапокалипсис;Современное кино (2000–2020);7.443;538225;Ready Player One;7.4;6.8
Все везде и сразу;Фантастика;Боевик (Экшен);Альтернативная реальность;Новинки (2020–2025);7.191;1322324;Everything Everywhere All at Once;7.7;8.6
Пришельцы;Фантастика;Ужасы;Космическая;Классика (до 2000 года);7.098;1280694;Oegye+in 1bu;6.3;6.4
Тринадцатый этаж;Фантастика;Триллер;Альтернативная реальность;Классика (до 2000 года);7.582;1086;The Thirteenth Floor;7;4.5
Доктор Кто: Мужья Ривер Сонг;Фантастика;Приключения;Космическая;Современное кино (2000–2020);8.625;252089;Doctor Who;8.5;0
Мистериум. Начало;Фантастика;Детектив;Альтернативная реальность;Новинки (2020–2025);7.013;712745;Kvinden i buret;7.2;5.9
Назад в будущее;Фантастика;Комедия;Альтернативная реальность;Классика (до 2000 года);8.648;476;Back to the Future;8.5;8.9
Мир Юрского периода 2;Фантастика;Боевик (Экшен);Альтернативная реальность;Современное кино (2000–2020);6.238;924311;Jurassic World: Fallen Kingdom;6.1;5.4
Заново родиться;Фантастика;Боевик (Экшен);Альтернативная реальность;Новинки (2020–2025);6.836;1117965;;0;0
Робо;Фантастика;Боевик (Экшен);Киберпанк;Современное кино (2000–2020);4.876;1228540;;5.9;0
Комната желаний;Фантастика;Драма;Альтернативная реальность;Современное кино (2000–2020);6.368;1159556;The Room;6.1;5.8
Вирус;Фантастика;Ужасы;Космическая;Классика (до 2000 года);6.885;766637;Gamgi;6.6;5
Параллельный мир;Фантастика;Драма;Альтернативная реальность;Новинки (2020–2025);5.911;9319;Cool World;4.9;3.4
Завоевание планеты обезьян;Фантастика;Боевик (Экшен);Постапокалипсис;Классика (до 2000 года);6.214;20245;Conquest of the Planet of the Apes;6.1;5.5
Побеждая время;Фантастика;Боевик (Экшен);Альтернативная реальность;Современное кино (2000–2020);6.898;644240;Hours;6.3;5.2
Параллельные миры;Фантастика;Драма;Альтернативная реальность;Новинки (2020–2025);6.455;481086;Upside Down;6.3;4.9
Мерцающий;Фантастика;Ужасы;Альтернативная реальность;Современное кино (2000–2020);6.52;3590;The Glimmer Man;5.4;3.6
Зеленый Фонарь;Фантастика;Боевик (Экшен);Космическая;Современное кино (2000–2020);5.915;406294;Green Lantern;5.5;4.6
Петля времени;Фантастика;Триллер;Альтернативная реальность;Современное кино (2000–2020);7.02;463354;Looper;7.4;8.1
Темное зеркало;Фантастика;Триллер;Киберпанк;Современное кино (2000–2020);5.033;189685;Dark Mirror;4.7;0
Район №9;Фантастика;Боевик (Экшен);Альтернативная реальность;Современное кино (2000–2020);7.772;397494;District 9;7.9;7.8
Воспоминания о будущем;Фантастика;Мелодрама;Альтернативная реальность;Современное кино (2000–2020);7.704;682688;Testament of Youth;7.2;7
Влечение;Фантастика;Боевик (Экшен);Космическая;Современное кино (2000–2020);6.546;1145748;Instinto;6.1;0
Космический пират Харлок;Фантастика;Боевик (Экшен);Космическая;Современное кино (2000–2020);6.776;733439;Space Pirate Captain Harlock;6.4;0
Тихоокеанский рубеж;Фантастика;Боевик (Экшен);Альтернативная реальность;Современное кино (2000–2020);6.967;546915;Pacific Rim;6.9;6.7
Заводной апельсин;Фантастика;Криминал;Альтернативная реальность;Классика (до 2000 года);7.889;391;A Clockwork Orange;8.2;8.8
Близкие контакты третьей степени;Фантастика;Драма;Космическая;Классика (до 2000 года);7.154;552;Close Encounters of the Third Kind;7.6;9
Ева;Фантастика;Драма;Киберпанк;Современное кино (2000–2020);7.844;4819518;Ibeu;7.3;0
Хронос;Фантастика;Драма;Альтернативная реальность;Классика (до 2000 года);7.003;4999582;;0;0
На границе миров;Фантастика;Боевик (Экшен);Альтернативная реальность;Новинки (2020–2025);6.332;1101939;Gräns;7;7.9
Кокон;Фантастика;Драма;Альтернативная реальность;Классика (до 2000 года);7.134;8866;Cocoon;6.7;6.5
Зои;Фантастика;Мелодрама;Альтернативная реальность;Современное кино (2000–2020);6.3;1002560;Zoe;6.1;4.6
Война миров Z;Фантастика;Боевик (Экшен);Постапокалипсис;Современное кино (2000–2020);7.015;261636;World War Z;7;6.2
Параграф 78: Фильм первый;Фантастика;Триллер;Космическая;Современное кино (2000–2020);4.722;104984;;4.9;0
Путешествие на край Вселенной;Фантастика;Приключения;Космическая;Современное кино (2000–2020);8.425;445191;Journey to the Edge of the Universe;8.4;0
12 обезьян;Фантастика;Триллер;Постапокалипсис;Классика (до 2000 года);7.797;502;Twelve Monkeys;8;7.6
Новая жизнь;Фантастика;Драма;Альтернативная реальность;Новинки (2020–2025);7.286;1356210;Yeni Hayat;7.1;0
Искусственный интеллект. Доступ неограничен;Фантастика;Драма;Киберпанк;Современное кино (2000–2020);5.402;738189;I.T.;5.5;3.5
Дальний космос;Фантастика;Ужасы;Космическая;Новинки (2020–2025);5.96;1207559;Stowaway;5.7;6.5
Временная связь;Фантастика;Мелодрама;Альтернативная реальность;Новинки (2020–2025);7.682;1378904;;6.9;0
Заговор Оберона;Фантастика;Триллер;Киберпанк;Новинки (2020–2025);0;922069;Zagovor Oberona;0;0
Пиджак;Фантастика;Триллер;Альтернативная реальность;Современное кино (2000–2020);7.762;47382;The Jacket;7.1;5.4
Чужие;Фантастика;Боевик (Экшен);Космическая;Классика (до 2000 года);8.064;406;Aliens;8.4;8.9
Королевство кривых зеркал;Фантастика;Семейный;Альтернативная реальность;Классика (до 2000 года);8.016;44929;;7.2;0
Война будущего;Фантастика;Военный;Постапокалипсис;Новинки (2020–2025);6.361;1283945;The Tomorrow War;6.6;5.7
Аванпост;Фантастика;Боевик (Экшен);Постапокалипсис;Современное кино (2000–2020);6.098;1108683;;6;0
2067: Петля времени;Фантастика;Триллер;Постапокалипсис;Новинки (2020–2025);6.029;609581;2067;4.9;4.9
Робокоп 3;Фантастика;Боевик (Экшен);Киберпанк;Классика (до 2000 года);5.991;4052;RoboCop 3;4.2;3.3
Звездный путь 4: Дорога домой;Фантастика;Приключения;Космическая;Классика (до 2000 года);7.271;6527;Star Trek IV: The Voyage Home;7.3;7.1
Безумный Макс 3: Под куполом грома;Фантастика;Боевик (Экшен);Постапокалипсис;Классика (до 2000 года);6.219;15062;Mad Max Beyond Thunderdome;6.2;6.5
Бразилия;Фантастика;Комедия;Киберпанк;Классика (до 2000 года);7.525;161151;O Clone;8.1;0
Черная дыра;Фантастика;Приключения;Космическая;Классика (до 2000 года);7.255;467522;The Black Hole;7.4;0
Красная планета;Фантастика;Боевик (Экшен);Космическая;Современное кино (2000–2020);6.195;3758;Red Planet;5.7;3.9
Изгой-Один. Звёздные Войны: Истории;Фантастика;Военный;Космическая;Современное кино (2000–2020);7.262;840152;Rogue One;7.8;7.5
Голодные игры;Фантастика;Боевик (Экшен);Постапокалипсис;Современное кино (2000–2020);7.267;468581;The Hunger Games;7.2;7.3
Бессмертные: Война миров;Фантастика;Боевик (Экшен);Космическая;Новинки (2020–2025);6.17;11588;Immortel (ad vitam);5.9;0
Начало;Фантастика;Боевик (Экшен);Альтернативная реальность;Современное кино (2000–2020);8.67;447301;Inception;8.8;8.2
Мертвая зона;Фантастика;Ужасы;Альтернативная реальность;Классика (до 2000 года);7.157;6916;The Dead Zone;7.2;7.7
Бамблби;Фантастика;Боевик (Экшен);Космическая;Современное кино (2000–2020);6.737;952241;Bumblebee;6.7;7
Робот по имени Чаппи;Фантастика;Боевик (Экшен);Киберпанк;Современное кино (2000–2020);7.19;591485;Chappie;6.8;4.9
Бесконечность;Фантастика;Боевик (Экшен);Альтернативная реальность;Новинки (2020–2025);6.323;1238476;Infinite;5.5;4.1
Последняя фантазия;Фантастика;Боевик (Экшен);Космическая;Современное кино (2000–2020);7.577;670;Final Fantasy: The Spirits Within;6.4;5.3
Навсикая из долины Ветров;Фантастика;Фэнтези;Постапокалипсис;Классика (до 2000 года);8.213;8240;Kaze no tani no Naushika;8;8.2
Аватар: Путь воды;Фантастика;Приключения;Альтернативная реальность;Новинки (2020–2025);7.73;505898;Avatar: The Way of Water;7.5;7.1
Слияние двух лун;Фантастика;Мелодрама;Космическая;Новинки (2020–2025);6.226;12341;Two Moon Junction;5;4
Облачный атлас;Фантастика;Драма;Постапокалипсис;Современное кино (2000–2020);7.766;464484;Cloud Atlas;7.4;6.7
Ведьмина гора;Фантастика;Приключения;Космическая;Современное кино (2000–2020);6.05;395051;Race to Witch Mountain;5.7;5.1
Астробой;Фантастика;Семейный;Киберпанк;Современное кино (2000–2020);6.728;61323;Astro Boy;6.3;5.6
Помешанный на времени;Фантастика;Боевик (Экшен);Альтернативная реальность;Современное кино (2000–2020);6.399;1048852;Time Freak;5.8;0
Робот;Фантастика;Боевик (Экшен);Киберпанк;Современное кино (2000–2020);5.913;430542;Enthiran;7.2;6
Космические ковбои;Фантастика;Боевик (Экшен);Космическая;Современное кино (2000–2020);6.586;836;Space Cowboys;6.5;6.7
2001 год: Космическая одиссея;Фантастика;Драма;Космическая;Классика (до 2000 года);7.894;380;2001: A Space Odyssey;8.3;9.2
Дети моря;Фантастика;Драма;Альтернативная реальность;Современное кино (2000–2020);7.165;1243061;Kaijuu no Kodomo;6.5;6.9
Заражение;Фантастика;Триллер;Постапокалипсис;Современное кино (2000–2020);6.562;501821;Contagion;6.8;7.2
Новая эра Z;Фантастика;Боевик (Экшен);Постапокалипсис;Новинки (2020–2025);6.228;902223;The Girl with All the Gifts;6.6;7.1
Водная жизнь;Фантастика;Боевик (Экшен);Постапокалипсис;Классика (до 2000 года);7.152;18543;The Life Aquatic with Steve Zissou;7.2;6.1
Это твой день;Фантастика;Боевик (Экшен);Альтернативная реальность;Современное кино (2000–2020);4.587;742172;;0;0
Человек-амфибия;Фантастика;Приключения;Другое;Классика (до 2000 года);7.757;45478;;6.9;7.5
Виртуозность;Фантастика;Боевик (Экшен);Киберпанк;Классика (до 2000 года);6.06;5247;Virtuosity;5.5;4.3
Люди Икс: Темный Феникс;Фантастика;Боевик (Экшен);Космическая;Современное кино (2000–2020);5.939;1012431;X-Men: Dark Phoenix;5.7;4.6
Чужой;Фантастика;Ужасы;Космическая;Классика (до 2000 года);8.037;1402701;;0;0
Бегущий по лезвию;Фантастика;Детектив;Киберпанк;Классика (до 2000 года);7.744;403;Blade Runner;8.1;8.5
Незнайка на Луне 2;Фантастика;Комедия;Космическая;Новинки (2020–2025);7.796;41563;;0;0
Ассасин: Битва миров;Фантастика;Боевик (Экшен);Альтернативная реальность;Новинки (2020–2025);6.129;1236082;Ci sha xiao shuo jia;6.2;6.8
Все по новой;Фантастика;Боевик (Экшен);Постапокалипсис;Современное кино (2000–2020);5.842;917496;The Do-Over;5.7;3.1
ВАЛЛ-И;Фантастика;Семейный;Постапокалипсис;Современное кино (2000–2020);8.365;279102;WALL·E;8.4;8.6
Трудно быть богом;Фантастика;Драма;Альтернативная реальность;Современное кино (2000–2020);5.396;40783;;6.5;9
Разделитель;Фантастика;Триллер;Альтернативная реальность;Новинки (2020–2025);6.304;482078;The Divide;5.7;4.4
Люди в черном 3;Фантастика;Боевик (Экшен);Космическая;Современное кино (2000–2020);7.249;455773;Men in Black³;6.8;6
Звездные войны: Эпизод 5 — Империя наносит ответный удар;Фантастика;Боевик (Экшен);Космическая;Классика (до 2000 года);8.139;338;Star Wars: Episode V - The Empire Strikes Back;8.7;8.9
Пуленепробиваемый;Фантастика;Триллер;Альтернативная реальность;Современное кино (2000–2020);6.678;311;Bulletproof Monk;5.5;4.3
"Дивергент, глава 2: Инсургент";Фантастика;Боевик (Экшен);Постапокалипсис;Современное кино (2000–2020);6.146;762225;Insurgent;6.2;5
Контакт;Фантастика;Драма;Космическая;Классика (до 2000 года);7.998;4444756;;0;0
Астроскоп. Смотрим на звезды;Фантастика;Семейный;Космическая;Новинки (2020–2025);8.117;5129233;Stargazer: Astroscope;9.2;0
Я создан для тебя;Фантастика;Мелодрама;Альтернативная реальность;Новинки (2020–2025);6.956;1410079;Ich bin dein Mensch;7.1;7.6
Последняя фантазия 7: Дети пришествия;Фантастика;Боевик (Экшен);Постапокалипсис;Современное кино (2000–2020);7.608;84987;Fainaru fantajî sebun adobento chirudoren;7.1;5.7
Робокоп;Фантастика;Боевик (Экшен);Киберпанк;Классика (до 2000 года);7.654;7410;RoboCop;7.6;8.1
00:10;Фантастика;Драма;Альтернативная реальность;Новинки (2020–2025);7.745;469787;;6.9;0
Интерстеллар;Фантастика;Драма;Космическая;Современное кино (2000–2020);8.667;258687;Interstellar;8.7;7.1
Фантастическая четверка;Фантастика;Боевик (Экшен);Космическая;Современное кино (2000–2020);6.671;23263;Fantastic Four;5.7;4.6
Вымирание;Фантастика;Триллер;Постапокалипсис;Современное кино (2000–2020);5.81;820277;Extinction;5.8;5.1
Проект «Адам»;Фантастика;Боевик (Экшен);Альтернативная реальность;Новинки (2020–2025);6.61;714185;The Adam Project;6.7;6.2
Облако;Фантастика;Драма;Альтернативная реальность;Современное кино (2000–2020);7.641;198049;Die Wolke;6.3;0
Вивариум;Фантастика;Ужасы;Альтернативная реальность;Современное кино (2000–2020);6.105;1118663;Vivarium;5.9;6.6
Гравитация;Фантастика;Боевик (Экшен);Космическая;Современное кино (2000–2020);7.449;468466;Gravity;7.7;9
К звездам;Фантастика;Драма;Космическая;Современное кино (2000–2020);6.134;1124734;To the Stars;6.2;6.6
Четвертый;Фантастика;Боевик (Экшен);Киберпанк;Новинки (2020–2025);7.053;45502;;6.4;0
Хан Соло. Звездные войны: Истории;Фантастика;Приключения;Космическая;Современное кино (2000–2020);6.926;841277;Solo: A Star Wars Story;6.9;6.4
Области тьмы;Фантастика;Триллер;Альтернативная реальность;Современное кино (2000–2020);8.027;462606;Limitless;7.4;6.3
Чужие среди нас;Фантастика;Боевик (Экшен);Альтернативная реальность;Классика (до 2000 года);7.106;12340;They Live;7.2;7.3
Кислород;Фантастика;Триллер;Альтернативная реальность;Новинки (2020–2025);6.533;1053302;Oxygène;6.5;6.8
Послезавтра;Фантастика;Боевик (Экшен);Постапокалипсис;Современное кино (2000–2020);7.674;2053;The Day After Tomorrow;6.5;5.3
Внеземное эхо;Фантастика;Триллер;Космическая;Новинки (2020–2025);6.083;688713;Earth to Echo;5.7;5.3
Власть огня;Фантастика;Боевик (Экшен);Постапокалипсис;Современное кино (2000–2020);6.756;5207;Reign of Fire;6.2;5.2
Остров доктора Моро;Фантастика;Ужасы;Постапокалипсис;Классика (до 2000 года);5.782;6492;The Island of Dr. Moreau;4.6;4.3
Бегущий в лабиринте: Испытания огнем;Фантастика;Боевик (Экшен);Постапокалипсис;Современное кино (2000–2020);6.172;842673;Maze Runner: The Scorch Trials;6.3;5.4
Звездные войны: Войны клонов;Фантастика;Боевик (Экшен);Космическая;Современное кино (2000–2020);7.608;229861;Star Wars: The Clone Wars;8.5;0
Призрак в доспехах;Фантастика;Боевик (Экшен);Киберпанк;Классика (до 2000 года);6.43;843789;Ghost in the Shell;6.3;5.5
Звездные войны: Скайуокер. Восход;Фантастика;Боевик (Экшен);Космическая;Современное кино (2000–2020);6.055;718222;Star Wars: Episode IX - The Rise of Skywalker;6.4;6.1
Судья Дредд;Фантастика;Боевик (Экшен);Постапокалипсис;Классика (до 2000 года);6.926;437678;Dredd;7.1;6.6
Предел риска;Фантастика;Триллер;Альтернативная реальность;Современное кино (2000–2020);6.731;503671;Margin Call;7.1;7.2
Шестой элемент;Фантастика;Боевик (Экшен);Космическая;Классика (до 2000 года);5.965;23320;2001: A Space Travesty;3.5;5.3
Человек из будущего;Фантастика;Триллер;Альтернативная реальность;Новинки (2020–2025);4.097;893509;;5;0
Оставленные;Фантастика;Триллер;Постапокалипсис;Современное кино (2000–2020);7.696;4499386;The Holdovers;7.9;8.6
Матрица;Фантастика;Боевик (Экшен);Киберпанк;Классика (до 2000 года);8.499;301;The Matrix;8.7;7.7
Аквариум;Фантастика;Драма;Альтернативная реальность;Новинки (2020–2025);6.732;421506;Fish Tank;7.3;7.6
Терминатор: Генезис;Фантастика;Боевик (Экшен);Альтернативная реальность;Современное кино (2000–2020);6.415;436225;Terminator Genisys;6.3;4.7
Фонтан;Фантастика;Драма;Альтернативная реальность;Современное кино (2000–2020);7.444;81583;The Fountain;7.1;6
Пандорум;Фантастика;Ужасы;Космическая;Современное кино (2000–2020);7.057;422882;Pandorum;6.7;4.5
Райские холмы;Фантастика;Ужасы;Альтернативная реальность;Современное кино (2000–2020);6.076;1097391;Paradise Hills;5.2;6.3
Миссия «Серенити»;Фантастика;Боевик (Экшен);Космическая;Современное кино (2000–2020);7.243;61455;Serenity;7.8;7.2
Назад во времени;Фантастика;Приключения;Альтернативная реальность;Классика (до 2000 года);7.018;893202;Back in Time;6.3;0
Футурама: В дикую зеленую даль;Фантастика;Комедия;Космическая;Современное кино (2000–2020);7.315;376448;Futurama: Into the Wild Green Yonder;7.2;0
Я — легенда;Фантастика;Ужасы;Постапокалипсис;Современное кино (2000–2020);7.873;195524;I Am Legend;7.2;6.3
Звездные врата: Континуум;Фантастика;Боевик (Экшен);Космическая;Современное кино (2000–2020);7.386;307419;Stargate: Continuum;7.4;0
Z — значит Захария;Фантастика;Драма;Постапокалипсис;Современное кино (2000–2020);5.78;699131;Z for Zachariah;6;7
Дюна;Фантастика;Боевик (Экшен);Космическая;Новинки (2020–2025);7.673;409424;Dune: Part One;8;7.7
Пятый элемент;Фантастика;Боевик (Экшен);Космическая;Классика (до 2000 года);8.173;2656;The Fifth Element;7.6;6.4
Ангар 18;Фантастика;Триллер;Космическая;Классика (до 2000 года);6.572;2450;Hangar 18;5.4;5.1
Предсказание;Фантастика;Триллер;Постапокалипсис;Современное кино (2000–2020);6.685;18313;;6.2;0
Призраки Марса;Фантастика;Ужасы;Космическая;Современное кино (2000–2020);5.265;3849;Ghosts of Mars;4.9;3.8
Чужой 3;Фантастика;Ужасы;Космическая;Классика (до 2000 года);6.882;2286;Alien³;6.4;5.6
Звездные войны: Последние джедаи;Фантастика;Боевик (Экшен);Космическая;Современное кино (2000–2020);6.644;718223;Star Wars: Episode VIII - The Last Jedi;6.8;8.1
Ванильное небо;Фантастика;Драма;Альтернативная реальность;Современное кино (2000–2020);7.576;870;Vanilla Sky;6.9;5.3
Без границ;Фантастика;Триллер;Альтернативная реальность;Современное кино (2000–2020);6.891;839742;;6.1;0
Морган;Фантастика;Ужасы;Альтернативная реальность;Современное кино (2000–2020);5.795;906340;Morgan;5.9;5
Двухсотлетний человек;Фантастика;Драма;Другое;Классика (до 2000 года);8.091;7640;Bicentennial Man;6.9;4.9
Суррогаты;Фантастика;Боевик (Экшен);Альтернативная реальность;Современное кино (2000–2020);6.895;397671;Surrogates;6.3;5.4
Эквилибриум;Фантастика;Боевик (Экшен);Альтернативная реальность;Современное кино (2000–2020);7.883;309;Equilibrium;7.3;4.9
Отель «У погибшего альпиниста»;Фантастика;Детектив;Альтернативная реальность;Классика (до 2000 года);6.548;44646;;6.6;0
За гранью реальности;Фантастика;Ужасы;Альтернативная реальность;Классика (до 2000 года);5.845;961712;;4.5;0
Изгой-Один. Звездные войны: Истории;Фантастика;Боевик (Экшен);Космическая;Современное кино (2000–2020);7.262;840152;Rogue One;7.8;7.5
Девятки;Фантастика;Ужасы;Постапокалипсис;Современное кино (2000–2020);6.426;259197;The Nines;6.2;6
Восстание планеты обезьян;Фантастика;Боевик (Экшен);Постапокалипсис;Современное кино (2000–2020);7.404;463738;Rise of the Planet of the Apes;7.6;7.2
Аниматрица: История одного ребенка;Фантастика;Боевик (Экшен);Киберпанк;Современное кино (2000–2020);7.399;63742;Kid's Story;7.4;0
Прибытие;Фантастика;Драма;Альтернативная реальность;Современное кино (2000–2020);7.643;718811;Arrival;7.9;8.4
Двое во Вселенной;Фантастика;Мелодрама;Альтернативная реальность;Новинки (2020–2025);6.265;837170;La corrispondenza;6.1;5
Стартрек: Бесконечность;Фантастика;Приключения;Космическая;Новинки (2020–2025);6.943;734349;Star Trek Beyond;7;7
Бюро человечества;Фантастика;Боевик (Экшен);Постапокалипсис;Современное кино (2000–2020);5.187;1012936;The Humanity Bureau;4.5;3.4
Шестой день;Фантастика;Боевик (Экшен);Альтернативная реальность;Современное кино (2000–2020);6.816;579;The 6th Day;5.9;5.2
Два мира;Фантастика;Мелодрама;Альтернативная реальность;Новинки (2020–2025);6.3
Спутник;Фантастика;Ужасы;Космическая;Новинки (2020–2025);6.341;1162604;;6.4;7
Любовь и монстры;Фантастика;Приключения;Постапокалипсис;Новинки (2020–2025);6.75;689489;Love and Monsters;6.9;7.3
Водный мир;Фантастика;Боевик (Экшен);Постапокалипсис;Классика (до 2000 года);7.64;8165;Waterworld;6.3;5.9
Дежа вю;Фантастика;Триллер;Альтернативная реальность;Современное кино (2000–2020);7.829;44394;;7.5;0
Механическая сюита;Фантастика;Триллер;Киберпанк;Современное кино (2000–2020);7.284;41608;;6.8;0
Закат цивилизации;Фантастика;Боевик (Экшен);Постапокалипсис;Новинки (2020–2025);5.635;800300;Extinction;5.8;4.2
Космос между нами;Фантастика;Мелодрама;Космическая;Современное кино (2000–2020);6.685;924990;The Space Between Us;6.4;4.3
Зона 414;Фантастика;Детектив;Киберпанк;Новинки (2020–2025);6.102;1301966;Zone 414;5.1;4.3
Полет навигатора;Фантастика;Семейный;Космическая;Классика (до 2000 года);7.586;15285;Flight of the Navigator;6.9;6.6
Страна чудес;Фантастика;Драма;Альтернативная реальность;Новинки (2020–2025);4.231;842713;;4.1;0
Штамм Андромеда;Фантастика;Триллер;Космическая;Классика (до 2000 года);7.118;18076;The Andromeda Strain;7.2;6.3
Звездный путь 7: Поколения;Фантастика;Боевик (Экшен);Космическая;Классика (до 2000 года);6.696;3479;Star Trek: Generations;6.6;5.5
Вторжение: Битва за рай;Фантастика;Боевик (Экшен);Постапокалипсис;Новинки (2020–2025);5.737;474714;Tomorrow, When the War Began;6.1;5.5
Инопланетянин;Фантастика;Семейный;Космическая;Классика (до 2000 года);7.788;544;E.T. the Extra-Terrestrial;7.9;9.2
Экзистенция;Фантастика;Триллер;Альтернативная реальность;Новинки (2020–2025);6.994;7569;eXistenZ;6.8;6.8
Москва — Кассиопея;Фантастика;Приключения;Космическая;Классика (до 2000 года);8.022;46711;;6.6;0
Земля будущего;Фантастика;Приключения;Альтернативная реальность;Современное кино (2000–2020);6.244;596643;Tomorrowland;6.4;5.9
Мы из будущего;Фантастика;Боевик (Экшен);Альтернативная реальность;Современное кино (2000–2020);7.204;260315;;6.6;0
Жизнь за гранью;Фантастика;Драма;Альтернативная реальность;Современное кино (2000–2020);6.631;261182;After.Life;5.9;4.5
Гонка на вымирание;Фантастика;Боевик (Экшен);Постапокалипсис;Новинки (2020–2025);8.221;502270;Racing Extinction;8.1;7.5
Анон;Фантастика;Триллер;Киберпанк;Современное кино (2000–2020);6.418;979121;Anon;6.1;5.3
Районы;Фантастика;Боевик (Экшен);Альтернативная реальность;Современное кино (2000–2020);7.191;977968;;6.7;0
Навсикая из долины ветров;Фантастика;Приключения;Постапокалипсис;Классика (до 2000 года);8.213;8240;Kaze no tani no Naushika;8;8.2
Кома;Фантастика;Боевик (Экшен);Альтернативная реальность;Новинки (2020–2025);6.477;933208;;6.3;0
Последняя любовь на Земле;Фантастика;Мелодрама;Постапокалипсис;Новинки (2020–2025);7.651;467110;Perfect Sense;7;5.8
Обитель зла: Последняя глава;Фантастика;Боевик (Экшен);Постапокалипсис;Современное кино (2000–2020);5.431;726753;Resident Evil: The Final Chapter;5.5;4.5
Пришельцы 2: Коридоры времени;Фантастика;Ужасы;Космическая;Классика (до 2000 года);7.206;14289;Les couloirs du temps: Les visiteurs II;6.1;0
Падение Луны;Фантастика;Боевик (Экшен);Космическая;Новинки (2020–2025);6.365;988816;Moonfall;5.2;4.4
Звездные врата;Фантастика;Приключения;Космическая;Классика (до 2000 года);7.555;5594;Stargate;7;5.5
Трудно быть Богом;Фантастика;Драма;Альтернативная реальность;Современное кино (2000–2020);5.396;40783;;6.5;9
Искатель воды;Фантастика;Боевик (Экшен);Постапокалипсис;Классика (до 2000 года);7.016;773074;The Water Diviner;7;6.1
Пятое измерение;Фантастика;Триллер;Альтернативная реальность;Новинки (2020–2025);6.568;105397;Push;6.1;0
Аннигиляция;Фантастика;Ужасы;Постапокалипсис;Современное кино (2000–2020);6.692;749370;Annihilation;6.8;7.8
Фантастическая любовь и где ее найти;Фантастика;Мелодрама;Альтернативная реальность;Новинки (2020–2025);6.793;902577;This Beautiful Fantastic;6.9;6.1
Финч;Фантастика;Драма;Постапокалипсис;Новинки (2020–2025);7.201;823616;Finch;6.9;6.5
Андроид-полицейский;Фантастика;Боевик (Экшен);Киберпанк;Классика (до 2000 года);3.43;817284;Android Cop;3.3;0
Книга Илая;Фантастика;Боевик (Экшен);Постапокалипсис;Современное кино (2000–2020);7.188;424266;The Book of Eli;6.8;5.4
Терминатор 2: судный день;Фантастика;Боевик (Экшен);Постапокалипсис;Классика (до 2000 года);8.412;444;Terminator 2: Judgment Day;8.6;8.5
Четвертое желание;Фантастика;Мелодрама;Альтернативная реальность;Новинки (2020–2025);6.88;325792;;0;0
Звездная карта;Фантастика;Приключения;Космическая;Новинки (2020–2025);5.787;684031;Maps to the Stars;6.2;6.5
Лайф;Фантастика;Ужасы;Космическая;Современное кино (2000–2020);6.139;766363;Life;6;6.2
Патруль времени;Фантастика;Боевик (Экшен);Альтернативная реальность;Современное кино (2000–2020);6.946;679924;Predestination;7.4;6.8
Газонокосильщик;Фантастика;Ужасы;Киберпанк;Классика (до 2000 года);6.637;7449;The Lawnmower Man;5.4;4.9
Ловушка времени;Фантастика;Приключения;Альтернативная реальность;Современное кино (2000–2020);6.757;920040;Time Trap;6.2;6.3
Снежный пирог;Фантастика;Боевик (Экшен);Постапокалипсис;Современное кино (2000–2020);7.412;102186;Snow Cake;7.4;6.1
ARQ;Фантастика;Триллер;Альтернативная реальность;Современное кино (2000–2020);6.365;974465;ARQ;6.3;4.9
Титан: После гибели Земли;Фантастика;Боевик (Экшен);Постапокалипсис;Новинки (2020–2025);7.289;862;Titan A.E.;6.6;5.7
Господин Никто;Фантастика;Драма;Альтернативная реальность;Современное кино (2000–2020);7.917;232785;Mr. Nobody;7.7;6.4
Последний романтик планеты Земля;Фантастика;Мелодрама;Альтернативная реальность;Новинки (2020–2025);5.74;450273;Les derniers jours du monde;6.1;0
Невидимки;Фантастика;Боевик (Экшен);Альтернативная реальность;Новинки (2020–2025);5.306;676393;;4.8;0
Вне времени;Фантастика;Боевик (Экшен);Альтернативная реальность;Современное кино (2000–2020);7.31;6828;Out of Time;6.5;6.4
Особое мнение;Фантастика;Триллер;Альтернативная реальность;Современное кино (2000–2020);7.741;496;Minority Report;7.6;8.1
Сквозь горизонт;Фантастика;Ужасы;Космическая;Классика (до 2000 года);6.891;3728;Event Horizon;6.6;5.2
Довод;Фантастика;Боевик (Экшен);Альтернативная реальность;Новинки (2020–2025);7.521;1236063;Tenet;7.3;6.9
Авалон;Фантастика;Боевик (Экшен);Киберпанк;Современное кино (2000–2020);6.189;600;Avalon;6.4;6.9
После Чернобыля;Фантастика;Драма;Постапокалипсис;Новинки (2020–2025);4.8;667893;;3.2;0
Исходный код;Фантастика;Триллер;Альтернативная реальность;Современное кино (2000–2020);7.779;409295;Source Code;7.5;7.5
Девять;Фантастика;Приключения;Постапокалипсис;Современное кино (2000–2020);7.443;180577;9;7;5.9
Петля;Фантастика;Семейный;Альтернативная реальность;Новинки (2020–2025);7.105;957541;Kördüğüm;6.5;0
Превосходство;Фантастика;Триллер;Киберпанк;Современное кино (2000–2020);6.528;687670;Transcendence;6.2;4.6
Луна 2112;Фантастика;Драма;Космическая;Современное кино (2000–2020);7.56;406671;Moon;7.8;7.5
Пробуждение;Фантастика;Драма;Постапокалипсис;Новинки (2020–2025);8.293;1235049;;0;0
Бегущая в лабиринте;Фантастика;Боевик (Экшен);Постапокалипсис;Современное кино (2000–2020);5.476;1147971;Méandre;5.4;7.1
Сфера;Фантастика;Триллер;Альтернативная реальность;Классика (до 2000 года);5.77;909550;The Circle;5.4;4.2
Атака Юрского периода;Фантастика;Ужасы;Постапокалипсис;Современное кино (2000–2020);2.495;694925;Jurassic Attack;2.4;0
Ремнант: все еще вижу тебя;Фантастика;Мелодрама;Постапокалипсис;Современное кино (2000–2020);6.45;660774;I Still See You;5.8;4.2
Грань времени;Фантастика;Боевик (Экшен);Альтернативная реальность;Современное кино (2000–2020);6.241;1193013;Synchronic;6.2;6.8
Люди в черном;Фантастика;Комедия;Космическая;Классика (до 2000 года);6.009;693730;Men in Black International;5.6;4.5
День Доктора;Фантастика;Боевик (Экшен);Альтернативная реальность;Современное кино (2000–2020);8.072;807086;The Day of the Doctor;0;9.4
Элизиум: Рай не на Земле;Фантастика;Боевик (Экшен);Постапокалипсис;Современное кино (2000–2020);6.633;487409;Elysium;6.6;6.4
Звездный рубеж;Фантастика;Боевик (Экшен);Космическая;Новинки (2020–2025);4.739;1347194;Cosmic Sin;2.5;2.8
Разлом;Фантастика;Триллер;Постапокалипсис;Классика (до 2000 года);6.327;1094106;Skjelvet;6.2;6.7
Обратимая реальность;Фантастика;Триллер;Альтернативная реальность;Новинки (2020–2025);6.455;1354764;;0;0
Странные дни;Фантастика;Триллер;Киберпанк;Классика (до 2000 года);6.903;1099;Strange Days;7.2;6.6
Звездный десант: Вторжение;Фантастика;Боевик (Экшен);Космическая;Современное кино (2000–2020);6.373;636724;Starship Troopers: Invasion;5.8;3.9
Мир Юрского периода: Господство;Фантастика;Приключения;Постапокалипсис;Новинки (2020–2025);5.75;1115098;Jurassic World Dominion;5.6;4.8
Из машины;Фантастика;Триллер;Киберпанк;Современное кино (2000–2020);7.123;197532;Ex Machina;7.7;8.2
Искусственный интеллект;Фантастика;Драма;Киберпанк;Современное кино (2000–2020);6.464;1116637;Superintelligence;5.5;4.5
Скрижали судьбы;Фантастика;Триллер;Альтернативная реальность;Современное кино (2000–2020);7.309;810310;The Secret Scripture;6.7;4.3
2012;Фантастика;Боевик (Экшен);Постапокалипсис;Современное кино (2000–2020);8.179;687595;;8.4;0
Машина времени;Фантастика;Приключения;Альтернативная реальность;Современное кино (2000–2020);7.083;8109;The Time Machine;6;4.8
М-Агент;Фантастика;Боевик (Экшен);Космическая;Классика (до 2000 года);0;838442;M-Agent;0;0
Фейерверк;Фантастика;Мелодрама;Альтернативная реальность;Современное кино (2000–2020);7.91;50737;Hana-bi;7.7;8.4
Случайный доступ;Фантастика;Боевик (Экшен);Киберпанк;Классика (до 2000 года);6.661;492506;Ra.One;4.9;5.5
Два мира;Фантастика;Мелодрама;Альтернативная реальность;Новинки (2020–2025);6.3
Мир будущего;Фантастика;Приключения;Альтернативная реальность;Современное кино (2000–2020);4.266;978776;Future World;3.3;1.7
Терминатор 3: Восстание машин;Фантастика;Боевик (Экшен);Постапокалипсис;Современное кино (2000–2020);6.77;319;Terminator 3: Rise of the Machines;6.3;6.5
Хроники Риддика;Фантастика;Боевик (Экшен);Космическая;Современное кино (2000–2020);7.371;5900;The Chronicles of Riddick;6.6;4.6
Небесный капитан и мир будущего;Фантастика;Боевик (Экшен);Альтернативная реальность;Современное кино (2000–2020);6.25;13625;Sky Captain and the World of Tomorrow;6.1;6.8
Звездный разум;Фантастика;Триллер;Киберпанк;Новинки (2020–2025);4.679;968618;;3.5;0
Москва 2017;Фантастика;Драма;Постапокалипсис;Современное кино (2000–2020);2.604;676870;Branded;4.6;2.9
Война миров;Фантастика;Боевик (Экшен);Космическая;Современное кино (2000–2020);7.1;81289;War of the Worlds;6.6;7.1
Путешествие во времени;Фантастика;Комедия;Альтернативная реальность;Классика (до 2000 года);0;40641;Across the Sea of Time;6.3;0
Звездные войны: Эпизод 4 — Новая надежда;Фантастика;Боевик (Экшен);Космическая;Классика (до 2000 года);8.108;333;Star Wars;8.6;9.1
На Луне;Фантастика;Драма;Космическая;Новинки (2020–2025);7.182;1311137;;0;0
Мираж;Фантастика;Триллер;Альтернативная реальность;Современное кино (2000–2020);8.045;77281;;7.5;0
Твое имя;Фантастика;Мелодрама;Альтернативная реальность;Современное кино (2000–2020);8.392;958722;Kimi no na wa.;8.4;8.2
Дивергент;Фантастика;Боевик (Экшен);Постапокалипсис;Современное кино (2000–2020);6.78;582101;Divergent;6.6;5.4
Два мира;Фантастика;Мелодрама;Альтернативная реальность;Новинки (2020–2025);6.3
2012: Цунами;Фантастика;Боевик (Экшен);Постапокалипсис;Современное кино (2000–2020);5.865;430855;Haeundae;5.5;4.4
Терминатор;Фантастика;Боевик (Экшен);Постапокалипсис;Классика (до 2000 года);7.984;507;The Terminator;8.1;8.8
Особь;Фантастика;Ужасы;Космическая;Классика (до 2000 года);6.039;4769;Species;5.9;5.3
Бегущий по лезвию 2049;Фантастика;Триллер;Киберпанк;Современное кино (2000–2020);7.819;589290;Blade Runner 2049;8;8.3
Захватывающее время;Фантастика;Боевик (Экшен);Альтернативная реальность;Новинки (2020–2025);5.916;735769;Shrek's Thrilling Tales;6.3;0
Бегущий в лабиринте;Фантастика;Боевик (Экшен);Постапокалипсис;Современное кино (2000–2020);6.827;575613;The Maze Runner;6.8;5.9
Голодные игры: Сойка-пересмешница. Часть II;Фантастика;Боевик (Экшен);Постапокалипсис;Современное кино (2000–2020);6.6;663715;The Hunger Games: Mockingjay - Part 2;6.6;6.5
Шаровая молния;Фантастика;Детектив;Альтернативная реальность;Новинки (2020–2025);7.246;10365;Thunderball;6.9;6.6
Черный квадрат;Фантастика;Боевик (Экшен);Постапокалипсис;Новинки (2020–2025);6.787;41379;;6.1;0
Индиго;Фантастика;Драма;Альтернативная реальность;Современное кино (2000–2020);4.472;367686;;3.8;0
Тихоокеанский рубеж 2;Фантастика;Боевик (Экшен);Постапокалипсис;Современное кино (2000–2020);5.736;721154;Pacific Rim: Uprising;5.6;5
Гадкие лебеди;Фантастика;Драма;Постапокалипсис;Современное кино (2000–2020);6.897;197352;;6.9;0
Планета обезьян: Война;Фантастика;Боевик (Экшен);Постапокалипсис;Современное кино (2000–2020);7.051;819281;War for the Planet of the Apes;7.4;8.2
Земля: Жизнь без людей;Фантастика;Драма;Постапокалипсис;Современное кино (2000–2020);7.307;424378;Aftermath: Population Zero;6.8;0
Игра Эндера;Фантастика;Боевик (Экшен);Космическая;Современное кино (2000–2020);6.694;568687;Ender's Game;6.6;6.1
Секретные материалы: Борьба за будущее;Фантастика;Детектив;Космическая;Классика (до 2000 года);7.518;8179;The X Files;7;6.2
Теорема Зеро;Фантастика;Драма;Киберпанк;Современное кино (2000–2020);6.425;696977;The Zero Theorem;6;5.7
Тайна третьей планеты;Фантастика;Приключения;Космическая;Классика (до 2000 года);8.163;42172;;7.8;0
Голодные игры: Сойка-пересмешница. Часть I;Фантастика;Боевик (Экшен);Постапокалипсис;Современное кино (2000–2020);6.338;661911;The Hunger Games: Mockingjay - Part 1;6.6;6.3
Апельсиновый сок;Фантастика;Криминал;Альтернативная реальность;Классика (до 2000 года);6.752;430473;;6.5;0
Поле битвы: Земля;Фантастика;Боевик (Экшен);Постапокалипсис;Современное кино (2000–2020);5.214;4764;Battlefield Earth: A Saga of the Year 3000;2.5;2.7
Назад в будущее 2;Фантастика;Приключения;Альтернативная реальность;Классика (до 2000 года);8.317;5502;Back to the Future Part II;7.8;6.3
Звездный путь: Возмездие;Фантастика;Боевик (Экшен);Космическая;Классика (до 2000 года);6.718;321;Star Trek: Nemesis;6.4;5.2
Парк Юрского периода;Фантастика;Приключения;Альтернативная реальность;Классика (до 2000 года);7.832;7121;Jurassic Park;8.2;8.4
Хранители;Фантастика;Триллер;Альтернативная реальность;Современное кино (2000–2020);7.689;252641;Watchmen;7.6;6.4
Вторжение похитителей тел;Фантастика;Ужасы;Альтернативная реальность;Классика (до 2000 года);7.192;8361;Invasion of the Body Snatchers;7.7;9
Завещание профессора Доуэля;Фантастика;Детектив;Альтернативная реальность;Классика (до 2000 года);6.655;45242;;5.9;0
Сталкер;Фантастика;Драма;Постапокалипсис;Классика (до 2000 года);8.098;43970;;8;8.7
Район 37;Фантастика;Боевик (Экшен);Постапокалипсис;Современное кино (2000–2020);3.882;713799;Outpost 37;4.7;4.6
День первый;Фантастика;Боевик (Экшен);Постапокалипсис;Новинки (2020–2025);7.019;849379;Day One;6.8;0
Охотник на монстров;Фантастика;Боевик (Экшен);Альтернативная реальность;Новинки (2020–2025);5.822;1038789;Monster Hunter;5.2;4.8
Параграф 78: Фильм второй;Фантастика;Боевик (Экшен);Космическая;Современное кино (2000–2020);4.736;276314;;4.9;0
Эпидемия;Фантастика;Триллер;Постапокалипсис;Современное кино (2000–2020);7.809;1108682;;7.2;0
Звездный десант;Фантастика;Боевик (Экшен);Космическая;Классика (до 2000 года);7.577;6025;Starship Troopers;7.3;6.5
Эра выживания;Фантастика;Боевик (Экшен);Постапокалипсис;Новинки (2020–2025);6.015;1400126;Vesper;6;7.4
Бегущий в лабиринте: Лекарство от смерти;Фантастика;Боевик (Экшен);Постапокалипсис;Современное кино (2000–2020);6.305;896631;Maze Runner: The Death Cure;6.3;5.1
РобоКоп;Фантастика;Боевик (Экшен);Киберпанк;Классика (до 2000 года);7.654;7410;RoboCop;7.6;8.1
Вечные;Фантастика;Боевик (Экшен);Космическая;Новинки (2020–2025);6.343;1198811;Eternals;6.2;5.6
2:22;Фантастика;Триллер;Альтернативная реальность;Новинки (2020–2025);6.344;586417;2:22;5.7;3.3
Скайлайн 2;Фантастика;Боевик (Экшен);Космическая;Современное кино (2000–2020);5.46;569055;Beyond Skyline;5.3;5.7
Космическая одиссея 2010;Фантастика;Драма;Космическая;Классика (до 2000 года);6.863;8880;2010;6.7;5.8
Корпорация Ad Libitum;Фантастика;Криминал;Киберпанк;Новинки (2020–2025);6.097;1101306;;0;0
Звездные войны: Пробуждение силы;Фантастика;Боевик (Экшен);Космическая;Современное кино (2000–2020);7.062;714888;Star Wars: Episode VII - The Force Awakens;7.7;8.3
Стартрек: Возмездие;Фантастика;Боевик (Экшен);Космическая;Современное кино (2000–2020);7.657;455165;Star Trek Into Darkness;7.7;7.4
Аниматрица;Фантастика;Боевик (Экшен);Киберпанк;Современное кино (2000–2020);7.645;325797;The Animatrix;7.3;6.7
Выстрел в пустоту;Фантастика;Драма;Космическая;Новинки (2020–2025);7.773;910353;Shot Caller;7.3;6
Хранитель;Фантастика;Фэнтези;Альтернативная реальность;Новинки (2020–2025);6.013;427208;The Keeper;5;0
Равные;Фантастика;Мелодрама;Альтернативная реальность;Современное кино (2000–2020);6.188;806980;Equals;6;5.1
Земное ядро;Фантастика;Боевик (Экшен);Постапокалипсис;Современное кино (2000–2020);6.248;20158;The Core;5.5;5.3
Джонни Мнемоник;Фантастика;Боевик (Экшен);Киберпанк;Классика (до 2000 года);6.83;3800;Johnny Mnemonic;5.6;4.3
Чужой 4: Воскрешение;Фантастика;Ужасы;Космическая;Классика (до 2000 года);6.678;3935;Alien Resurrection;6.2;5.9
Викинги против пришельцев;Фантастика;Боевик (Экшен);Космическая;Современное кино (2000–2020);6.292;195457;Outlander;6.2;4.9
Эпидемия. Вонгозеро;Фантастика;Ужасы;Постапокалипсис;Современное кино (2000–2020);7.414;1255117;;7.2;0
Два мира;Фантастика;Мелодрама;Альтернативная реальность;Новинки (2020–2025);6.3
Последний день Земли;Фантастика;Драма;Постапокалипсис;Современное кино (2000–2020);4.872;5901681;Survivre;4.6;0
Телескоп Хаббл в 3D;Фантастика;Приключения;Космическая;Современное кино (2000–2020);7.622;472257;Hubble 3D;7.6;7.8
Другая Земля;Фантастика;Драма;Альтернативная реальность;Современное кино (2000–2020);7.003;489752;Another Earth;6.9;6.3
Человек с Земли;Фантастика;Драма;Альтернативная реальность;Современное кино (2000–2020);7.786;252900;The Man from Earth;7.8;8.1
Воспоминания из будущего;Фантастика;Драма;Альтернативная реальность;Новинки (2020–2025);7.123;1257305;Naeilui gioek;6.7;0
Вечно молодой;Фантастика;Мелодрама;Альтернативная реальность;Классика (до 2000 года);7.363;5498;Forever Young;6.4;5.4
Мой создатель;Фантастика;Боевик (Экшен);Постапокалипсис;Новинки (2020–2025);6.746;1055319;Archive;6.4;7.3
Вход в никуда;Фантастика;Триллер;Альтернативная реальность;Современное кино (2000–2020);6.772;506369;Enter Nowhere;6.4;0
Жизнь взаймы;Фантастика;Боевик (Экшен);Альтернативная реальность;Современное кино (2000–2020);6.565;4880;Bobby Deerfield;5.8;4
Кадры;Фантастика;Боевик (Экшен);Альтернативная реальность;Классика (до 2000 года);6.979;666935;The Internship;6.3;5
В ловушке времени;Фантастика;Приключения;Альтернативная реальность;Современное кино (2000–2020);6.281;4582;Timeline;5.6;3.9
Аватар 2: Путь воды;Фантастика;Приключения;Альтернативная реальность;Новинки (2020–2025);7.73;505898;Avatar: The Way of Water;7.5;7.1
Преступления будущего;Фантастика;Ужасы;Альтернативная реальность;Новинки (2020–2025);5.645;4440349;Crimes of the Future;5.8;6.8
Назад в будущее 3;Фантастика;Приключения;Альтернативная реальность;Классика (до 2000 года);8.195;7103;Back to the Future Part III;7.5;6.8
После нашей эры;Фантастика;Драма;Альтернативная реальность;Новинки (2020–2025);5.842;577285;After Earth;4.8;3.9
Супер 8;Фантастика;Приключения;Альтернативная реальность;Современное кино (2000–2020);6.544;517433;Super 8;7;7.3
Эксперимент «За стеклом»;Фантастика;Драма;Альтернативная реальность;Классика (до 2000 года);6.139;1051402;Funhouse;5.2;4.3
Хранитель времени;Фантастика;Боевик (Экшен);Альтернативная реальность;Современное кино (2000–2020);6.942;462247;Hugo;7.5;8.3
Излом времени;Фантастика;Семейный;Альтернативная реальность;Современное кино (2000–2020);4.635;506223;A Wrinkle in Time;4.3;5.3
Обливион;Фантастика;Боевик (Экшен);Постапокалипсис;Современное кино (2000–2020);7.23;470185;Oblivion;7;5.9
Терминатор: Темные судьбы;Фантастика;Боевик (Экшен);Постапокалипсис;Современное кино (2000–2020);5.776;1025082;Terminator: Dark Fate;6.2;6.2
Планета бурь;Фантастика;Приключения;Космическая;Классика (до 2000 года);7.166;42990;;6.3;0
Источник;Фантастика;Драма;Альтернативная реальность;Современное кино (2000–2020);4.723;974199;;0;0
Инопланетное похищение;Фантастика;Ужасы;Космическая;Современное кино (2000–2020);5.305;717038;Alien Abduction;4.9;4.3
Орбита 9;Фантастика;Мелодрама;Космическая;Современное кино (2000–2020);5.811;822446;Órbita 9;5.9;5.5
Большое космическое путешествие;Фантастика;Семейный;Космическая;Классика (до 2000 года);7.126;46169;;6.1;0
День независимости;Фантастика;Боевик (Экшен);Космическая;Классика (до 2000 года);7.606;2022;Independence Day;7;6.6
Матрица времени;Фантастика;Триллер;Альтернативная реальность;Современное кино (2000–2020);6.476;556944;Before I Fall;6.4;5.8
Доктор Кто: Глубокий вдох;Фантастика;Приключения;Альтернативная реальность;Современное кино (2000–2020);7.848;841377;Doctor Who: Deep Breath;0;0
Письма мертвого человека;Фантастика;Драма;Постапокалипсис;Классика (до 2000 года);7.853;42984;;7.5;0
28 недель спустя;Фантастика;Ужасы;Постапокалипсис;Современное кино (2000–2020);6.951;197615;28 Weeks Later;6.8;6.6
Лимб;Фантастика;Триллер;Альтернативная реальность;Новинки (2020–2025);6.143;676823;Haunter;5.9;5.1
Противостояние;Фантастика;Ужасы;Постапокалипсис;Новинки (2020–2025);7.843;5438351;;0;0
Матрица: Перезагрузка;Фантастика;Боевик (Экшен);Киберпанк;Современное кино (2000–2020);7.742;299;The Matrix Reloaded;7.2;6.8
В плену у космоса;Фантастика;Ужасы;Космическая;Современное кино (2000–2020);3.72;669525;Stranded;3.6;0
Эффект бабочки;Фантастика;Триллер;Альтернативная реальность;Современное кино (2000–2020);8.168;5167;The Butterfly Effect;7.6;4.8
Человек Омега;Фантастика;Боевик (Экшен);Постапокалипсис;Классика (до 2000 года);6.036;13995;The Omega Man;6.4;5.5
Doom;Фантастика;Боевик (Экшен);Космическая;Современное кино (2000–2020);5.905;84140;Doom;5.2;4
Вспомнить все;Фантастика;Боевик (Экшен);Космическая;Классика (до 2000 года);7.246;893276;Lovesick;8;0
Аватар;Фантастика;Приключения;Космическая;Современное кино (2000–2020);7.988;251733;Avatar;7.9;7.5
Воскресение;Фантастика;Драма;Постапокалипсис;Новинки (2020–2025);7.847;45849;;7.7;0
Платформа;Фантастика;Ужасы;Постапокалипсис;Современное кино (2000–2020);7.089;1134778;El hoyo;7;7.2
И грянул гром;Фантастика;Боевик (Экшен);Постапокалипсис;Современное кино (2000–2020);5.742;4473;A Sound of Thunder;4.3;3.2
Частоты;Фантастика;Мелодрама;Альтернативная реальность;Современное кино (2000–2020);6.55;709068;OXV: The Manual;6.7;7
Starперцы;Фантастика;Драма;Космическая;Современное кино (2000–2020);7.002;468571;Last Vegas;6.6;5.2
Хроники хищных городов;Фантастика;Боевик (Экшен);Постапокалипсис;Современное кино (2000–2020);6.229;493271;Mortal Engines;6.1;4.9
Потерянное будущее;Фантастика;Боевик (Экшен);Постапокалипсис;Новинки (2020–2025);5.251;504603;The Lost Future;4.9;0
Дитя робота;Фантастика;Криминал;Киберпанк;Современное кино (2000–2020);6.746;1067645;I Am Mother;6.7;7
Вверх тормашками;Фантастика;Мелодрама;Альтернативная реальность;Современное кино (2000–2020);6.804;1540;Head Over Heels;5.4;0
Пустошь тьмы и зла;Фантастика;Боевик (Экшен);Постапокалипсис;Новинки (2020–2025);5.662;1259607;The Dark and the Wicked;6.1;7.5
Два мира;Фантастика;Мелодрама;Альтернативная реальность;Новинки (2020–2025);6.3
Под планетой обезьян;Фантастика;Приключения;Постапокалипсис;Классика (до 2000 года);6.569;13996;Beneath the Planet of the Apes;6;5.1
Затмение;Фантастика;Мелодрама;Постапокалипсис;Новинки (2020–2025);6.26;843037;;4.6;0
Геошторм;Фантастика;Боевик (Экшен);Альтернативная реальность;Современное кино (2000–2020);5.815;597129;Geostorm;5.4;3.6
Конгресс;Фантастика;Драма;Альтернативная реальность;Современное кино (2000–2020);6.696;581906;The Congress;6.4;6.7
Halo 4: Идущий к рассвету;Фантастика;Боевик (Экшен);Космическая;Современное кино (2000–2020);6.705;692309;Halo 4: Forward Unto Dawn;6.7;0
Люси;Фантастика;Боевик (Экшен);Альтернативная реальность;Современное кино (2000–2020);6.764;760326;Lucy;6.4;6.1
Звездные врата: Ковчег Истины;Фантастика;Боевик (Экшен);Космическая;Современное кино (2000–2020);7.38;307943;Stargate: The Ark of Truth;7.2;0
Затерянные в космосе;Фантастика;Приключения;Космическая;Классика (до 2000 года);6.861;993176;Lost in Space;7.3;0
Андроид;Фантастика;Триллер;Космическая;Классика (до 2000 года);4.851;718674;App;5.4;0
Код апокалипсиса;Фантастика;Боевик (Экшен);Постапокалипсис;Новинки (2020–2025);4.155;257772;;4.5;0
Ровер;Фантастика;Драма;Постапокалипсис;Современное кино (2000–2020);6.19;677780;The Rover;6.4;6.4
Metallica: Сквозь невозможное;Фантастика;Боевик (Экшен);Постапокалипсис;Современное кино (2000–2020);7.583;661625;Metallica Through the Never;7.1;6.7
Битва за планету Терра;Фантастика;Боевик (Экшен);Космическая;Современное кино (2000–2020);6.561;261108;Battle for Terra;6.5;0
Вычислитель;Фантастика;Триллер;Киберпанк;Новинки (2020–2025);5.06;777026;;4.5;0
Валериан и город тысячи планет;Фантастика;Боевик (Экшен);Космическая;Современное кино (2000–2020);6.992;689960;Valerian and the City of a Thousand Planets;6.4;5.5
Последняя война;Фантастика;Военный;Постапокалипсис;Классика (до 2000 года);7.05;4730;To End All Wars;6.9;5.9
Супермозг;Фантастика;Триллер;Альтернативная реальность;Современное кино (2000–2020);7.161;5192789;Headspace;4.7;0
Вавилон н. э.;Фантастика;Комедия;Постапокалипсис;Новинки (2020–2025);6.1;9458;Babylon A.D.;5.5;3.3
Райский проект;Фантастика;Драма;Альтернативная реальность;Новинки (2020–2025);6.619;220064;The Lazarus Project;6;5.4
Затура: Космическое приключение;Фантастика;Приключения;Космическая;Современное кино (2000–2020);6.43;81097;Zathura: A Space Adventure;6.3;6.6
Тайна красной планеты;Фантастика;Боевик (Экшен);Космическая;Современное кино (2000–2020);6.13;441432;Mars Needs Moms;5.4;5
Люби меня;Фантастика;Мелодрама;Постапокалипсис;Новинки (2020–2025);7.129;252096;;5.9;0
Пара из будущего;Фантастика;Комедия;Альтернативная реальность;Новинки (2020–2025);7.027;1405926;;6.3;0
Ева: Искусственный разум;Фантастика;Драма;Альтернативная реальность;Современное кино (2000–2020);6.739;493452;Eva;6.6;6.3
Меняющие реальность;Фантастика;Триллер;Альтернативная реальность;Современное кино (2000–2020);7.374;450765;The Adjustment Bureau;7;6.6
Голодные игры: И вспыхнет пламя;Фантастика;Боевик (Экшен);Постапокалипсис;Современное кино (2000–2020);7.476;602373;The Hunger Games: Catching Fire;7.5;7.6
Самый последний день;Фантастика;Мелодрама;Постапокалипсис;Новинки (2020–2025);7.037;41030;;6.3;0
Повторяющие реальность;Фантастика;Триллер;Альтернативная реальность;Современное кино (2000–2020);6.052;493948;Repeaters;5.7;4.2
Апгрейд;Фантастика;Боевик (Экшен);Киберпанк;Современное кино (2000–2020);7.633;1009784;Upgrade;7.5;7.3
Туманность Андромеды;Фантастика;Приключения;Космическая;Классика (до 2000 года);6.173;42367;;5.5;0
Стелс;Фантастика;Боевик (Экшен);Альтернативная реальность;Современное кино (2000–2020);5.988;77593;Stealth;5.1;3.9
Кин;Фантастика;Боевик (Экшен);Альтернативная реальность;Современное кино (2000–2020);5.986;1000742;Kin;5.8;5.1
Поступь хаоса;Фантастика;Боевик (Экшен);Постапокалипсис;Новинки (2020–2025);6.525;634786;Chaos Walking;5.7;4.5
Мы из будущего 2;Фантастика;Боевик (Экшен);Альтернативная реальность;Современное кино (2000–2020);5.647;468123;;5;0
Матрица: Воскрешение;Фантастика;Боевик (Экшен);Киберпанк;Новинки (2020–2025);5.709;1294123;The Matrix Resurrections;5.6;6.2
Люди в черном: Интернэшнл;Фантастика;Боевик (Экшен);Альтернативная реальность;Современное кино (2000–2020);6.009;693730;Men in Black International;5.6;4.5
Марсианин;Фантастика;Приключения;Космическая;Современное кино (2000–2020);7.769;841700;The Martian;8;7.9
Голодные игры: Баллада о певчих птицах и змеях;Фантастика;Боевик (Экшен);Постапокалипсис;Новинки (2020–2025);7.272;1289334;The Hunger Games: The Ballad of Songbirds & Snakes;6.6;6.4
Дежавю;Фантастика;Боевик (Экшен);Альтернативная реальность;Современное кино (2000–2020);7.812;102328;Deja Vu;7.1;5.9
Пришелец;Фантастика;Ужасы;Космическая;Классика (до 2000 года);4.863;1118067;;0;0
Знаки;Фантастика;Триллер;Космическая;Современное кино (2000–2020);6.963;832;Signs;6.8;6.9
Трон: Наследие;Фантастика;Боевик (Экшен);Киберпанк;Современное кино (2000–2020);6.897;399959;Tron: Legacy;6.8;5.8
Незнайка на Луне;Фантастика;Комедия;Космическая;Классика (до 2000 года);7.895;41562;Незнайка на Луне;7.2;0
Планета обезьян;Фантастика;Приключения;Постапокалипсис;Классика (до 2000 года);6.775;4375;Planet of the Apes;5.7;5.6
Дитя человеческое;Фантастика;Драма;Постапокалипсис;Современное кино (2000–2020);7.344;6803;Children of Men;7.9;8.1
Лига выдающихся джентльменов;Фантастика;Приключения;Альтернативная реальность;Современное кино (2000–2020);6.887;7975;The League of Extraordinary Gentlemen;5.8;4
Сигнал;Фантастика;Триллер;Альтернативная реальность;Современное кино (2000–2020);8.176;965848;시그널;8.5;0
#выжить;Фантастика;Триллер;Постапокалипсис;Новинки (2020–2025);7.693;9298;Alive;7.1;6.3
Обитель зла 2: Апокалипсис;Фантастика;Боевик (Экшен);Постапокалипсис;Современное кино (2000–2020);6.769;24186;Resident Evil: Apocalypse;6.1;3.8
