Горец,Фэнтези,Боевик (Экшен),Эпическое,Классика (до 2000 года),7.5
Горец,Фэнтези,Боевик (Экшен),Эпическое,Классика (до 2000 года),7.378,17475,Highlander,7,6.2
Желание,Фэнтези,Семейный,Эпическое,Новинки (2020–2025),6.754,493162,,0,0
Возвращение Джафара,Фэнтези,Семейный,Мифологическое,Классика (до 2000 года),7.217,88628,The Return of Jafar,5.8,4.3
Эдвард руки-ножницы,Фэнтези,Драма,Городское,Классика (до 2000 года),7.989,8421,Edward Scissorhands,7.8,7.7
Гарри Поттер и Дары смерти. Часть первая,Фэнтези,Приключения,Эпическое,Современное кино (2000–2020),8.167,407636,Harry Potter and the Deathly Hallows - Part 2,8.1,8.4
Садко,Фэнтези,Приключения,Мифологическое,Классика (до 2000 года),6.168,842709,,4.1,0
Ходячий замок,Фэнтези,Приключения,Эпическое,Современное кино (2000–2020),8.347,49684,Howl no Ugoku Shiro,8.2,7.5
Ван Хельсинг,Фэнтези,Боевик (Экшен),Темное,Современное кино (2000–2020),7.605,3491,Van Helsing,6.1,4.2
Наследство волшебника Бахрама,Фэнтези,Приключения,Мифологическое,Новинки (2020–2025),8.12,46345,,7.1,0
Вечная сказка,Фэнтези,Мелодрама,Мифологическое,Новинки (2020–2025),6.355,807486,,0,0
Три богатыря и Шамаханская царица,Фэнтези,Семейный,Мифологическое,Современное кино (2000–2020),6.958,432650,,6.3,0
Король-олень,Фэнтези,Семейный,Мифологическое,Классика (до 2000 года),7.593,44926,,6.6,0
На крючке,Фэнтези,Приключения,Мифологическое,Классика (до 2000 года),7.364,387477,Eagle Eye,6.6,4.7
Вампиреныш,Фэнтези,Ужасы,Темное,Современное кино (2000–2020),6.29,18839,The Little Vampire,5.8,5.5
Воображариум доктора Парнаса,Фэнтези,Драма,Темное,Современное кино (2000–2020),6.987,395058,The Imaginarium of Doctor Parnassus,6.7,5.9
Блич,Фэнтези,Боевик (Экшен),Темное,Новинки (2020–2025),7.997,258621,BLEACH,8.2,0
Звездная пыль,Фэнтези,Приключения,Эпическое,Современное кино (2000–2020),7.709,197863,Stardust,7.6,6.8
Снегурка,Фэнтези,Мелодрама,Мифологическое,Классика (до 2000 года),7.359,260079,,6.6,0
Золотой компас,Фэнтези,Приключения,Эпическое,Современное кино (2000–2020),6.614,91843,The Golden Compass,6.1,5.6
Две сказки,Фэнтези,Семейный,Мифологическое,Новинки (2020–2025),8.101,257177,,7.2,0
Конан-варвар,Фэнтези,Приключения,Эпическое,Классика (до 2000 года),5.727,261271,Conan the Barbarian,5.2,4.2
Во имя короля: История осады подземелья,Фэнтези,Боевик (Экшен),Эпическое,Современное кино (2000–2020),4.847,104994,In the Name of the King: A Dungeon Siege Tale,3.8,2.7
Школа Авалон,Фэнтези,Приключения,Мифологическое,Современное кино (2000–2020),6.17,506212,Avalon High,5.6,0
Заколдованная Элла,Фэнтези,Семейный,Мифологическое,Современное кино (2000–2020),6.813,1713,Ella Enchanted,6.3,5.6
Легенда о сэре Гавейне и зеленом рыцаре,Фэнтези,Исторический,Мифологическое,Новинки (2020–2025),5.961,5615,Sword of the Valiant: The Legend of Sir Gawain and the Green Knight,4.4,0
Оз: Возвращение в Изумрудный Город,Фэнтези,Семейный,Мифологическое,Новинки (2020–2025),6.912,489291,Legends of Oz: Dorothy's Return,4.9,3.6
Граница,Фэнтези,Драма,Темное,Современное кино (2000–2020),6.165,266142,Frontière(s),6.2,6.3
Пена дней,Фэнтези,Мелодрама,Городское,Современное кино (2000–2020),6.946,606669,L'écume des jours,6.5,6
Кощей. Похититель невест,Фэнтези,Приключения,Мифологическое,Новинки (2020–2025),7.836,1115176,,5.2,0
Крупная рыба,Фэнтези,Драма,Мифологическое,Современное кино (2000–2020),7.975,9617,Big Fish,7.9,7.2
Царь скорпионов: Книга душ,Фэнтези,Боевик (Экшен),Эпическое,Современное кино (2000–2020),4.84,1048680,The Scorpion King: Book of Souls,4.6,0
Джек и механическое сердце,Фэнтези,Мелодрама,Темное,Современное кино (2000–2020),7.187,505897,Jack et la mécanique du coeur,6.9,6.7
Чародей равновесия,Фэнтези,Приключения,Мифологическое,Новинки (2020–2025),6.157,744258,,5.5,0
Сага о чудовище. Сумерки,Фэнтези,Мелодрама,Темное,Современное кино (2000–2020),5.375,939579,Wildling,5.5,6.1
Хоббит: Битва пяти воинств,Фэнтези,Боевик (Экшен),Эпическое,Современное кино (2000–2020),7.907,694633,The Hobbit: The Battle of the Five Armies,7.4,6.3
Путешествие на Запад,Фэнтези,Приключения,Мифологическое,Современное кино (2000–2020),6.734,606731,Xi you: Xiang mo pian,6.7,7.2
Тор,Фэнтези,Боевик (Экшен),Мифологическое,Современное кино (2000–2020),7.091,258941,Thor,7,6.7
Битва титанов,Фэнтези,Боевик (Экшен),Мифологическое,Современное кино (2000–2020),6.094,260999,Clash of the Titans,5.8,4.3
Между,Фэнтези,Мелодрама,Городское,Новинки (2020–2025),5.231,570187,Twixt,4.8,4.6
Гензель против Гретель,Фэнтези,Боевик (Экшен),Темное,Современное кино (2000–2020),2.985,844171,Hansel vs. Gretel,3,0
Темный мир: Равновесие,Фэнтези,Ужасы,Темное,Современное кино (2000–2020),4.399,682080,,4.1,0
Алиса: Волнение,Фэнтези,Приключения,Мифологическое,Новинки (2020–2025),7.571,1330397,,0,0
Дед Мороз. Битва Магов,Фэнтези,Комедия,Мифологическое,Новинки (2020–2025),4.76,797705,,3.8,0
Варкрафт,Фэнтези,Боевик (Экшен),Эпическое,Современное кино (2000–2020),7.638,277328,Warcraft,6.7,4.4
Практическая магия,Фэнтези,Мелодрама,Городское,Классика (до 2000 года),7.192,6129,Practical Magic,6.4,4.8
Атака Титанов. Фильм первый: Жестокий мир,Фэнтези,Боевик (Экшен),Темное,Современное кино (2000–2020),4.542,635184,Shingeki no kyojin,5,6.3
Легенды ночных стражей,Фэнтези,Приключения,Эпическое,Современное кино (2000–2020),7.544,409776,Legend of the Guardians: The Owls of Ga’Hoole,6.9,5.6
Первый рыцарь,Фэнтези,Приключения,Эпическое,Классика (до 2000 года),7.117,17053,First Knight,6,5.2
Сказка странствий,Фэнтези,Драма,Мифологическое,Современное кино (2000–2020),8.096,43817,,7.7,0
Тайна печати дракона,Фэнтези,Приключения,Мифологическое,Новинки (2020–2025),5.986,840758,,4.8,3.6
Русалки,Фэнтези,Семейный,Мифологическое,Новинки (2020–2025),7.022,1038292,,0,0
Красная черепаха,Фэнтези,Драма,Мифологическое,Современное кино (2000–2020),7.301,879827,La tortue rouge,7.5,8.1
Убить дракона,Фэнтези,Драма,Городское,Современное кино (2000–2020),8.048,42487,,7.8,0
Сумерки,Фэнтези,Мелодрама,Темное,Современное кино (2000–2020),6.705,401177,Twilight,5.4,5.4
Гоголь. Страшная месть,Фэнтези,Детектив,Мифологическое,Современное кино (2000–2020),6.444,1114917,,6.1,0
Пастырь,Фэнтези,Военный,Мифологическое,Новинки (2020–2025),5.982,258759,Priest,5.7,4
Цвет волшебства,Фэнтези,Комедия,Эпическое,Современное кино (2000–2020),7.247,392161,The Colour of Magic,6.9,0
Фауст,Фэнтези,Драма,Мифологическое,Современное кино (2000–2020),6.716,439733,,6.5,6.6
Фантастические твари и где они обитают,Фэнтези,Приключения,Эпическое,Современное кино (2000–2020),7.605,797840,Fantastic Beasts and Where to Find Them,7.2,6.8
Эспен в королевстве троллей,Фэнтези,Приключения,Мифологическое,Современное кино (2000–2020),6.904,979362,Askeladden: I Dovregubbens hall,6.2,0
Властелин Колец: Возвращение Короля,Фэнтези,Приключения,Эпическое,Современное кино (2000–2020),8.68,3498,The Lord of the Rings: The Return of the King,9,8.7
Унесенные призраками,Фэнтези,Семейный,Мифологическое,Современное кино (2000–2020),8.552,370,Sen to Chihiro no kamikakushi,8.6,8.6
Властелин Колец: Две крепости,Фэнтези,Боевик (Экшен),Эпическое,Современное кино (2000–2020),8.621,312,The Lord of the Rings: The Two Towers,8.8,8.5
Бесконечная история 2: Новая глава,Фэнтези,Семейный,Эпическое,Классика (до 2000 года),6.109,32478,The Neverending Story II: The Next Chapter,5.1,3.7
Гарри Поттер и кубок огня,Фэнтези,Приключения,Эпическое,Современное кино (2000–2020),7.975,8408,Harry Potter and the Goblet of Fire,7.7,7.4
Алиса в стране чудес,Фэнтези,Приключения,Темное,Современное кино (2000–2020),7.131,405609,Alice in Wonderland,6.4,5.8
Хеллбой: Герой из пекла,Фэнтези,Боевик (Экшен),Темное,Современное кино (2000–2020),7.028,5052,Hellboy,6.9,6.8
Руслан,Фэнтези,Приключения,Мифологическое,Новинки (2020–2025),5.368,412315,Driven to Kill,4.9,0
Хоббит: Битва Пяти Воинств,Фэнтези,Боевик (Экшен),Эпическое,Современное кино (2000–2020),7.907,694633,The Hobbit: The Battle of the Five Armies,7.4,6.3
Кольца Альманзора,Фэнтези,Приключения,Мифологическое,Классика (до 2000 года),6.834,44861,,6.2,0
Другой мир: Восстание ликанов,Фэнтези,Боевик (Экшен),Темное,Современное кино (2000–2020),6.834,258772,Underworld: Rise of the Lycans,6.5,4.4
Кошмар перед Рождеством,Фэнтези,Семейный,Темное,Классика (до 2000 года),8.081,8222,The Nightmare Before Christmas,7.9,8.4
Горбун из Нотр Дама,Фэнтези,Семейный,Мифологическое,Классика (до 2000 года),7.846,2421,The Hunchback of Notre Dame,7,7.5
Гнездо дракона,Фэнтези,Драма,Эпическое,Новинки (2020–2025),7.199,784155,Long Zhi Gu: Po Xiao Qi Bing,6.2,0
Царь скорпионов,Фэнтези,Боевик (Экшен),Эпическое,Современное кино (2000–2020),6.592,3665,The Scorpion King,5.5,4.9
Ведьмак,Фэнтези,Боевик (Экшен),Темное,Современное кино (2000–2020),7.105,1044004,The Witcher,7.9,0
Константин: Повелитель тьмы,Фэнтези,Боевик (Экшен),Темное,Современное кино (2000–2020),7.876,3793,Constantine,7,5.5
Лабиринт Фавна,Фэнтези,Военный,Темное,Современное кино (2000–2020),7.577,103733,El laberinto del fauno,8.2,8.6
Рыцарь Камелота,Фэнтези,Приключения,Мифологическое,Современное кино (2000–2020),6.541,95186,A Knight in Camelot,4.7,5.6
Властелин Колец: Братство Кольца,Фэнтези,Приключения,Эпическое,Современное кино (2000–2020),8.626,328,The Lord of the Rings: The Fellowship of the Ring,8.9,8.2
Сумерки. Сага. Новолуние,Фэнтези,Мелодрама,Темное,Современное кино (2000–2020),5.973,420224,The Twilight Saga: New Moon,4.8,4.7
Тайна Келлс,Фэнтези,Приключения,Мифологическое,Современное кино (2000–2020),7.851,194033,The Secret of Kells,7.5,7.6
Гарри Поттер и Принц-полукровка,Фэнтези,Приключения,Эпическое,Современное кино (2000–2020),7.847,89515,Harry Potter and the Half-Blood Prince,7.6,7.1
Перси Джексон и Море чудовищ,Фэнтези,Приключения,Мифологическое,Современное кино (2000–2020),6.25,581932,Percy Jackson: Sea of Monsters,5.7,5.2
Яркость,Фэнтези,Боевик (Экшен),Городское,Современное кино (2000–2020),6.476,978838,Bright,6.3,4.1
Гарри Поттер и Принц-Полукровка,Фэнтези,Приключения,Эпическое,Современное кино (2000–2020),7.847,89515,Harry Potter and the Half-Blood Prince,7.6,7.1
Гарри Поттер и Дары Смерти: Часть II,Фэнтези,Приключения,Эпическое,Современное кино (2000–2020),8.167,407636,Harry Potter and the Deathly Hallows - Part 2,8.1,8.4
Волшебный портрет,Фэнтези,Семейный,Мифологическое,Классика (до 2000 года),7.901,41439,,7.1,0
Наруто: Последний фильм,Фэнтези,Боевик (Экшен),Эпическое,Современное кино (2000–2020),7.159,841279,The Last: Naruto the Movie,7.6,0
Волшебник,Фэнтези,Семейный,Мифологическое,Классика (до 2000 года),7.643,1100766,,0,0
Три орешка для Золушки,Фэнтези,Семейный,Мифологическое,Классика (до 2000 года),6.736,1255291,Tre nøtter til Askepott,5.8,0
Властелин колец: Возвращение короля,Фэнтези,Приключения,Эпическое,Современное кино (2000–2020),8.68,3498,The Lord of the Rings: The Return of the King,9,8.7
Чернокнижник,Фэнтези,Ужасы,Темное,Новинки (2020–2025),7.03,15550,Warlock,6.2,0
Геракл: Начало легенды,Фэнтези,Боевик (Экшен),Мифологическое,Современное кино (2000–2020),4.268,735848,The Legend of Hercules,4.3,2.6
Ослиная шкура,Фэнтези,Мелодрама,Мифологическое,Классика (до 2000 года),7.332,42809,,6.6,0
Рыжая Соня,Фэнтези,Боевик (Экшен),Эпическое,Классика (до 2000 года),6.106,6304,Red Sonja,5.1,4
Малефисента: Владычица тьмы,Фэнтези,Боевик (Экшен),Темное,Современное кино (2000–2020),7.076,916498,Maleficent: Mistress of Evil,6.6,5.1
Белоснежка и охотник 2,Фэнтези,Боевик (Экшен),Темное,Современное кино (2000–2020),6.138,680394,The Huntsman: Winter's War,6.1,4.3
Берсерк. Золотой век: Фильм I. Бехерит Властителя,Фэнтези,Боевик (Экшен),Темное,Современное кино (2000–2020),7.572,675787,Berserk Ogon Jidai-hen I: Hao no Tamago,7.5,0
Золотые рога,Фэнтези,Приключения,Мифологическое,Классика (до 2000 года),7.26,45395,,6.6,0
Волшебная история,Фэнтези,Семейный,Мифологическое,Классика (до 2000 года),7.279,3433,FairyTale: A True Story,6.5,6.1
Мрачные тени,Фэнтези,Комедия,Темное,Современное кино (2000–2020),6.641,395060,Dark Shadows,6.2,5.3
Морозко,Фэнтези,Семейный,Мифологическое,Классика (до 2000 года),8.129,46701,,6.4,0
Меч короля Артура,Фэнтези,Боевик (Экшен),Эпическое,Современное кино (2000–2020),7.17,824437,King Arthur: Legend of the Sword,6.7,4.7
Седьмой сын,Фэнтези,Боевик (Экшен),Эпическое,Современное кино (2000–2020),5.834,408396,Seventh Son,5.5,3.8
Василиса прекрасная,Фэнтези,Семейный,Мифологическое,Новинки (2020–2025),7.832,45676,,7.2,0
Президент Линкольн: Охотник на вампиров,Фэнтези,Боевик (Экшен),Темное,Современное кино (2000–2020),5.941,502302,Abraham Lincoln: Vampire Hunter,5.9,5
Три тысячи лет желаний,Фэнтези,Мелодрама,Мифологическое,Новинки (2020–2025),7.261,1209527,Three Thousand Years of Longing,6.7,6.5
Красавица и Чудовище,Фэнтези,Мелодрама,Мифологическое,Классика (до 2000 года),8.269,540,Beauty and the Beast,8,0
Меченосец,Фэнтези,Боевик (Экшен),Эпическое,Новинки (2020–2025),4.391,161069,,4.8,0
Красная Шапочка,Фэнтези,Детектив,Темное,Современное кино (2000–2020),6.126,470179,Red Riding Hood,5.4,3.8
Константин: повелитель тьмы,Фэнтези,Ужасы,Темное,Современное кино (2000–2020),7.876,3793,Constantine,7,5.5
Книга мастеров,Фэнтези,Семейный,Мифологическое,Современное кино (2000–2020),4.39,425019,,4.3,0
Ученик чародея,Фэнтези,Боевик (Экшен),Городское,Современное кино (2000–2020),6.851,429739,The Sorcerer's Apprentice,6.1,5.2
Ведьмы,Фэнтези,Семейный,Темное,Новинки (2020–2025),5.698,279091,The Witches,5.4,5.5
Таймлесс 3: Изумрудная книга,Фэнтези,Приключения,Эпическое,Новинки (2020–2025),6.071,928994,Smaragdgrün,5.8,0
Виллоу,Фэнтези,Приключения,Эпическое,Классика (до 2000 года),7.28,6698,Willow,7.2,6
Сердце дракона,Фэнтези,Приключения,Эпическое,Классика (до 2000 года),7.737,6508,Dragonheart,6.4,5.7
Малефисента,Фэнтези,Семейный,Темное,Современное кино (2000–2020),7.236,496849,Maleficent,6.9,5.8
Таймлесс. Рубиновая книга,Фэнтези,Детектив,Мифологическое,Новинки (2020–2025),6.545,707257,Rubinrot,6,0
Аладдин и король разбойников,Фэнтези,Семейный,Мифологическое,Классика (до 2000 года),7.261,88706,Aladdin and the King of Thieves,6.3,4.8
Богатырша,Фэнтези,Приключения,Мифологическое,Новинки (2020–2025),2.804,704920,,2.8,0
Чернильное сердце,Фэнтези,Семейный,Эпическое,Современное кино (2000–2020),6.336,261097,Inkheart,6.1,5.1
Академия вампиров,Фэнтези,Боевик (Экшен),Темное,Современное кино (2000–2020),5.88,535429,Vampire Academy,5.4,3.6
Подземелья и драконы: Честь среди воров,Фэнтези,Приключения,Эпическое,Новинки (2020–2025),7.428,762646,Dungeons & Dragons: Honor Among Thieves,7.2,7.4
Про Красную Шапочку,Фэнтези,Триллер,Темное,Современное кино (2000–2020),7.72,77302,,7.3,0
Перси Джексон и похититель молний,Фэнтези,Приключения,Мифологическое,Современное кино (2000–2020),6.237,403986,Percy Jackson & the Olympians: The Lightning Thief,5.9,5.3
Жили-были,Фэнтези,Мелодрама,Мифологическое,Современное кино (2000–2020),7.435,997480,,6.5,0
Последний охотник на ведьм,Фэнтези,Боевик (Экшен),Темное,Современное кино (2000–2020),6.255,506066,The Last Witch Hunter,5.9,3.9
Гарри Поттер и узник Азкабана,Фэнтези,Приключения,Эпическое,Современное кино (2000–2020),8.247,322,Harry Potter and the Prisoner of Azkaban,7.9,7.8
Страна фей,Фэнтези,Драма,Темное,Современное кино (2000–2020),8.008,77309,The Magical Legend of the Leprechauns,7,5
Город мастеров,Фэнтези,Мелодрама,Городское,Современное кино (2000–2020),7.842,44567,,7,0
Горец 4: Конец игры,Фэнтези,Боевик (Экшен),Мифологическое,Современное кино (2000–2020),5.835,22056,Highlander: Endgame,4.6,3.3
Спаун,Фэнтези,Боевик (Экшен),Темное,Классика (до 2000 года),6.817,5474,Spawn,5.2,3.9
Охотники на троллей,Фэнтези,Семейный,Эпическое,Новинки (2020–2025),6.536,569576,Trolljegeren,6.9,6.7
Магическая книга и дракон,Фэнтези,Приключения,Мифологическое,Новинки (2020–2025),6.005,433242,Hexe Lilli: Der Drache und das magische Buch,5.2,0
Сумерки. Сага. Рассвет. Часть I,Фэнтези,Мелодрама,Темное,Современное кино (2000–2020),5.912,432424,The Twilight Saga: Breaking Dawn - Part 1,5,4.4
Хроники Нарнии: Покоритель Зари,Фэнтези,Приключения,Эпическое,Современное кино (2000–2020),6.887,281439,The Chronicles of Narnia: The Voyage of the Dawn Treader,6.3,5.7
Властелин колец,Фэнтези,Приключения,Эпическое,Современное кино (2000–2020),6.94,5919,The Lord of the Rings,6.2,5.4
Ведьмина служба доставки,Фэнтези,Семейный,Городское,Классика (до 2000 года),8.143,2428,Majo no takkyûbin,7.8,8.2
Артур и Мерлин: Рыцари Камелота,Фэнтези,Приключения,Мифологическое,Новинки (2020–2025),4.613,1229309,Arthur & Merlin: Knights of Camelot,3.3,0
Сторожевая застава,Фэнтези,Приключения,Мифологическое,Современное кино (2000–2020),6.483,968478,,6.2,0
Гарри Поттер и Тайная Комната,Фэнтези,Приключения,Эпическое,Современное кино (2000–2020),8.147,688,Harry Potter and the Chamber of Secrets,7.5,7.2
Колдунья,Фэнтези,Приключения,Мифологическое,Классика (до 2000 года),5.937,79562,Bewitched,4.9,4.6
Эрагон,Фэнтези,Приключения,Эпическое,Современное кино (2000–2020),6.027,103644,Eragon,5.1,4.1
Гоголь. Начало,Фэнтези,Детектив,Мифологическое,Современное кино (2000–2020),6.205,945391,,5.8,0
Персей,Фэнтези,Боевик (Экшен),Мифологическое,Современное кино (2000–2020),7.869,315858,,7.1,0
Охотники на драконов,Фэнтези,Приключения,Эпическое,Современное кино (2000–2020),7.096,279157,Chasseurs de dragons,6.5,0
Чародейка,Фэнтези,Приключения,Мифологическое,Классика (до 2000 года),5.96,1074378,Vildheks,4.8,0
Таймлесс 2: Сапфировая книга,Фэнтези,Приключения,Эпическое,Новинки (2020–2025),6.531,805156,Saphirblau,6.1,0
Охота на монстра,Фэнтези,Приключения,Эпическое,Современное кино (2000–2020),6.587,859131,Zhuo yao ji,6.1,5.9
Горец,Фэнтези,Боевик (Экшен),Эпическое,Классика (до 2000 года),7.5
Горец,Фэнтези,Боевик (Экшен),Эпическое,Классика (до 2000 года),7.5
Охота на монстра,Фэнтези,Приключения,Эпическое,Современное кино (2000–2020),6.587,859131,Zhuo yao ji,6.1,5.9
Боги Египта,Фэнтези,Боевик (Экшен),Мифологическое,Современное кино (2000–2020),6.213,682886,Gods of Egypt,5.4,3.7
Врата дракона,Фэнтези,Приключения,Эпическое,Классика (до 2000 года),5.703,535361,Long men fei jia,5.9,6
Конан-разрушитель,Фэнтези,Боевик (Экшен),Эпическое,Классика (до 2000 года),6.648,5445,Conan the Destroyer,5.9,4.5
Джек – убийца великанов,Фэнтези,Приключения,Мифологическое,Современное кино (2000–2020),2.357,722890,Jack the Giant Killer,2.2,0
Сказка. Есть,Фэнтези,Семейный,Мифологическое,Новинки (2020–2025),1.43,445129,,1.3,0
Сказка о золотом петушке,Фэнтези,Семейный,Мифологическое,Классика (до 2000 года),7.53,43815,,7.1,0
Сказки Гофмана,Фэнтези,Мелодрама,Мифологическое,Классика (до 2000 года),7.026,2000119,,6.4,0
Темный мир,Фэнтези,Ужасы,Темное,Современное кино (2000–2020),3.372,378145,Animals,3.8,0
Экскалибур,Фэнтези,Приключения,Мифологическое,Классика (до 2000 года),6.939,3488,Excalibur,7.3,7.1
Этерна. Часть первая,Фэнтези,Боевик (Экшен),Мифологическое,Новинки (2020–2025),6.139,4312912,,0,0
Сказки юга,Фэнтези,Драма,Мифологическое,Новинки (2020–2025),5.413,78193,Southland Tales,5.3,4.9
Гарри Поттер и Орден Феникса,Фэнтези,Приключения,Эпическое,Современное кино (2000–2020),7.847,48356,Harry Potter and the Order of the Phoenix,7.5,6.9
Горец,Фэнтези,Боевик (Экшен),Эпическое,Классика (до 2000 года),7.5
Девушка из воды,Фэнтези,Семейный,Мифологическое,Современное кино (2000–2020),5.616,102250,Lady in the Water,5.5,4.3
Подземелье драконов,Фэнтези,Приключения,Эпическое,Новинки (2020–2025),5.857,11109,Dungeons & Dragons,3.7,3.2
Зеркальная маска,Фэнтези,Семейный,Мифологическое,Современное кино (2000–2020),7.105,48217,Mirrormask,6.7,5.8
Горец 2: Оживление,Фэнтези,Боевик (Экшен),Эпическое,Классика (до 2000 года),6.009,13682,Highlander II: The Quickening,4.2,3
Повелитель стихий,Фэнтези,Боевик (Экшен),Эпическое,Современное кино (2000–2020),5.23,417855,The Last Airbender,3.9,2.9
Принцесса Мононоке,Фэнтези,Приключения,Мифологическое,Классика (до 2000 года),8.263,441,Mononoke-hime,8.3,8.1
Горец 3: Последнее измерение,Фэнтези,Боевик (Экшен),Эпическое,Классика (до 2000 года),5.9,5429,Highlander III: The Sorcerer,4.5,2.9
Алиса в Зазеркалье,Фэнтези,Приключения,Мифологическое,Современное кино (2000–2020),6.74,723988,Alice Through the Looking Glass,6.2,4.5
Во имя короля 2,Фэнтези,Боевик (Экшен),Эпическое,Современное кино (2000–2020),3.416,571289,In the Name of the King: Two Worlds,3.1,3.5
Царь скорпионов 2: Восхождение воина,Фэнтези,Боевик (Экшен),Эпическое,Современное кино (2000–2020),4.413,395705,The Scorpion King 2: Rise of a Warrior,3.8,0
Белоснежка и охотник,Фэнтези,Боевик (Экшен),Темное,Современное кино (2000–2020),6.058,568550,Snow White and the Huntsman,6.1,5.5
Ворон,Фэнтези,Боевик (Экшен),Темное,Классика (до 2000 года),6.301,441406,The Crow,4.7,4.3
Берсерк: Золотой век. Фильм II. Битва за Долдрей,Фэнтези,Боевик (Экшен),Темное,Современное кино (2000–2020),7.654,675788,Berserk Ogon Jidai-hen II: Doldrey Koryaku,7.7,0
Дьявол и Дэниэл Уэбстер,Фэнтези,Драма,Мифологическое,Классика (до 2000 года),6.427,9861,Shortcut to Happiness,5.4,3.3
Другой мир,Фэнтези,Боевик (Экшен),Темное,Современное кино (2000–2020),7.56,8033,Underworld,7,4.7
Фантастические твари: Преступления Грин-де-Вальда,Фэнтези,Приключения,Эпическое,Современное кино (2000–2020),6.711,843479,Fantastic Beasts: The Crimes of Grindelwald,6.5,5.3
Ведьмак. Кошмар волка,Фэнтези,Боевик (Экшен),Темное,Новинки (2020–2025),6.853,1355036,The Witcher: Nightmare of the Wolf,7.2,7.1
Мастер и Маргарита,Фэнтези,Драма,Мифологическое,Новинки (2020–2025),7.617,1115471,,7.1,0
Леди-ястреб,Фэнтези,Приключения,Эпическое,Классика (до 2000 года),7.541,9290,Ladyhawke,6.9,5.8
Дары смерти,Фэнтези,Приключения,Эпическое,Современное кино (2000–2020),5.832,929056,The Devil's Candy,6.3,7.7
Тайна дома с часами,Фэнтези,Семейный,Темное,Современное кино (2000–2020),6.002,652531,The House with a Clock in Its Walls,6.1,6
Последний единорог,Фэнтези,Приключения,Мифологическое,Классика (до 2000 года),7.814,5652,The Last Unicorn,7.3,6.2
47 ронинов,Фэнтези,Исторический,Мифологическое,Современное кино (2000–2020),6.759,461314,47 Ronin,6.2,4.2
Божественная комедия,Фэнтези,Драма,Мифологическое,Классика (до 2000 года),7.952,256450,,0,0
Осколки хрустальной туфельки,Фэнтези,Комедия,Мифологическое,Новинки (2020–2025),5.111,893242,,0,0
Лабиринт,Фэнтези,Приключения,Мифологическое,Классика (до 2000 года),7.437,1426455,Labyrint,7.4,0
Легенда о Зеленом Рыцаре,Фэнтези,Приключения,Мифологическое,Новинки (2020–2025),6.192,1209476,The Green Knight,6.6,8.1
Рыба моей мечты,Фэнтези,Драма,Эпическое,Современное кино (2000–2020),6.783,484559,Salmon Fishing in the Yemen,6.8,6.2
Зимняя сказка,Фэнтези,Мелодрама,Мифологическое,Современное кино (2000–2020),7.728,258636,,7.2,0
Сумерки. Сага. Рассвет. Часть 2,Фэнтези,Мелодрама,Темное,Современное кино (2000–2020),6.592,527662,The Twilight Saga: Breaking Dawn - Part 2,5.6,5.3
Эпик,Фэнтези,Семейный,Мифологическое,Современное кино (2000–2020),6.907,463868,Epic,6.6,5.9
Сказания Земноморья,Фэнтези,Драма,Эпическое,Современное кино (2000–2020),7.151,259351,Gedo senki,6.3,5.2
Волшебник Земноморья,Фэнтези,Приключения,Мифологическое,Современное кино (2000–2020),6.37,88685,Earthsea,5.7,0
Форма воды,Фэнтези,Мелодрама,Мифологическое,Современное кино (2000–2020),6.87,977743,The Shape of Water,7.3,8.4
Дневной дозор,Фэнтези,Боевик (Экшен),Городское,Современное кино (2000–2020),6.145,79925,,6.4,6
Беовульф,Фэнтези,Приключения,Мифологическое,Современное кино (2000–2020),6.199,102232,Beowulf,6.3,6.5
Мифика: Темные времена,Фэнтези,Приключения,Темное,Современное кино (2000–2020),5.948,820806,Mythica: The Darkspore,5.2,0
Бахубали,Фэнтези,Боевик (Экшен),Эпическое,Современное кино (2000–2020),7.15,731343,Bãhubali: The Beginning,8,7.1
Другой мир: Войны крови,Фэнтези,Боевик (Экшен),Темное,Современное кино (2000–2020),5.818,840824,Underworld: Blood Wars,5.8,4
Мальчик с пальчик,Фэнтези,Семейный,Мифологическое,Современное кино (2000–2020),7.328,259984,,6.3,0
Куда приводят мечты,Фэнтези,Драма,Эпическое,Классика (до 2000 года),7.928,15139,What Dreams May Come,7,5.6
Волшебное кольцо,Фэнтези,Семейный,Мифологическое,Классика (до 2000 года),8.576,45834,,8,0
Дом странных детей мисс Перегрин,Фэнтези,Семейный,Темное,Современное кино (2000–2020),6.909,648440,Miss Peregrine's Home for Peculiar Children,6.7,6
Ночной дозор,Фэнтези,Боевик (Экшен),Городское,Современное кино (2000–2020),6.281,79850,,6.4,6
Ной,Фэнтези,Драма,Мифологическое,Современное кино (2000–2020),6.646,596001,Noah,5.8,6.6
Вовка в Тридевятом царстве,Фэнтези,Семейный,Мифологическое,Новинки (2020–2025),8.575,45864,,7.9,0
Волшебная сила,Фэнтези,Семейный,Мифологическое,Новинки (2020–2025),8.428,85188,,7.4,0
Война богов: Бессмертные,Фэнтези,Боевик (Экшен),Мифологическое,Современное кино (2000–2020),5.896,418840,Immortals,6,5.4
Огонь и лед: Хроники драконов,Фэнтези,Боевик (Экшен),Эпическое,Современное кино (2000–2020),4.705,415628,Fire & Ice,4.3,0
Бессмертные,Фэнтези,Боевик (Экшен),Эпическое,Современное кино (2000–2020),7.315,4721726,,0,0
Магия зверя,Фэнтези,Семейный,Мифологическое,Новинки (2020–2025),6.582,1271908,Seules les bêtes,7.1,7.5
Гарри Поттер и Тайная комната,Фэнтези,Семейный,Эпическое,Современное кино (2000–2020),8.147,688,Harry Potter and the Chamber of Secrets,7.5,7.2
Обыкновенное чудо,Фэнтези,Комедия,Мифологическое,Классика (до 2000 года),8.279,77282,,8,0
Волшебная лампа Аладдина,Фэнтези,Семейный,Мифологическое,Классика (до 2000 года),8.043,45833,,6.7,0
Властелин колец: Две крепости,Фэнтези,Боевик (Экшен),Эпическое,Современное кино (2000–2020),8.621,312,The Lord of the Rings: The Two Towers,8.8,8.5
Охотники на ведьм,Фэнтези,Боевик (Экшен),Темное,Современное кино (2000–2020),6.601,462465,Hansel & Gretel: Witch Hunters,6.1,4.2
Илья Муромец и Соловей-Разбойник,Фэнтези,Приключения,Мифологическое,Классика (до 2000 года),7.269,252022,,6.8,0
Снегурочка,Фэнтези,Мелодрама,Мифологическое,Классика (до 2000 года),7.355,43888,,6.9,0
Хеллбой II: Золотая армия,Фэнтези,Боевик (Экшен),Темное,Современное кино (2000–2020),7.062,81472,Hellboy II: The Golden Army,7,7.2
Мой волк,Фэнтези,Семейный,Мифологическое,Новинки (2020–2025),6.569,1304236,Mystère,6.3,0
Гарри Поттер и Дары Смерти: Часть I,Фэнтези,Приключения,Эпическое,Современное кино (2000–2020),7.91,276762,Harry Potter and the Deathly Hallows - Part 1,7.7,7.1
Каменный цветок,Фэнтези,Приключения,Мифологическое,Классика (до 2000 года),7.202,44697,,7.1,0
Доктор Стрэндж,Фэнтези,Боевик (Экшен),Эпическое,Современное кино (2000–2020),7.534,409600,Doctor Strange,7.5,7.3
Бесконечная история,Фэнтези,Приключения,Эпическое,Классика (до 2000 года),7.936,12205,The Neverending Story,7.3,7
Хоббит: Нежданное путешествие,Фэнтези,Приключения,Эпическое,Современное кино (2000–2020),8.116,278522,The Hobbit: An Unexpected Journey,7.8,6.6
Волкодав,Фэнтези,Боевик (Экшен),Мифологическое,Современное кино (2000–2020),6.744,45829,,6,0
Вальгалла: Сага о викинге,Фэнтези,Приключения,Мифологическое,Современное кино (2000–2020),6.676,266759,Valhalla Rising,6,6.6
Кольцо Нибелунгов,Фэнтези,Приключения,Эпическое,Классика (до 2000 года),7.166,77403,Ring of the Nibelungs,6.6,0
Царь скорпионов 3: Книга мертвых,Фэнтези,Боевик (Экшен),Мифологическое,Современное кино (2000–2020),4.093,575203,The Scorpion King 3: Battle for Redemption,3.7,0
Правдивая история Красной Шапки,Фэнтези,Триллер,Темное,Современное кино (2000–2020),6.557,88737,Hoodwinked!,6.5,5.5
Девушка в лабиринте,Фэнтези,Драма,Мифологическое,Современное кино (2000–2020),6.384,1164809,L'uomo del labirinto,5.8,0
Последний богатырь: Корень зла,Фэнтези,Приключения,Мифологическое,Новинки (2020–2025),7.457,1249172,,5.9,0
Красавец и чудовище,Фэнтези,Мелодрама,Мифологическое,Классика (до 2000 года),7.101,843313,,6.8,0
Лавка чудес,Фэнтези,Семейный,Мифологическое,Новинки (2020–2025),6.764,104909,Mr. Magorium's Wonder Emporium,6.2,5.2
Алиса,Фэнтези,Приключения,Мифологическое,Классика (до 2000 года),7.866,1304176,Aelliseu,7.1,0
Меч короля,Фэнтези,Боевик (Экшен),Эпическое,Современное кино (2000–2020),7.711,4991138,Bastarden,7.7,8
Восточный ветер 3: Наследие Оры,Фэнтези,Боевик (Экшен),Мифологическое,Новинки (2020–2025),8.472,1029023,Ostwind 3 - Aufbruch nach Ora,6.1,0
Волшебник Изумрудного города,Фэнтези,Семейный,Мифологическое,Классика (до 2000 года),7.098,5047471,,0,0
Король Артур,Фэнтези,Боевик (Экшен),Мифологическое,Современное кино (2000–2020),7.057,22138,King Arthur,6.3,4.9
Хроники Нарнии: Принц Каспиан,Фэнтези,Приключения,Эпическое,Современное кино (2000–2020),6.947,243596,The Chronicles of Narnia: Prince Caspian,6.5,6.3
Иллюзионист,Фэнтези,Мелодрама,Темное,Современное кино (2000–2020),8.02,102198,The Illusionist,7.5,6.9
Джек — покоритель великанов,Фэнтези,Приключения,Эпическое,Современное кино (2000–2020),6.31,462453,Jack the Giant Slayer,6.3,5.7
Орудия смерти: Город костей,Фэнтези,Боевик (Экшен),Городское,Современное кино (2000–2020),6.155,484391,The Mortal Instruments: City of Bones,5.8,3.9
Тор 2: Царство тьмы,Фэнтези,Боевик (Экшен),Темное,Современное кино (2000–2020),7.22,595938,Thor: The Dark World,6.7,6.3
Мальчик и птица,Фэнтези,Приключения,Мифологическое,Новинки (2020–2025),7.859,1071383,Kimitachi wa Dou Ikiru ka,7.4,8.5
Волкодав из рода Серых Псов,Фэнтези,Боевик (Экшен),Эпическое,Современное кино (2000–2020),4.335,81371,,5.6,0
Последний богатырь,Фэнтези,Комедия,Мифологическое,Современное кино (2000–2020),7.228,976642,,6.4,0
Сказание о принцессе Кагуя,Фэнтези,Драма,Мифологическое,Современное кино (2000–2020),8.091,723841,Kaguyahime no monogatari,8,8.3
Истребитель демонов: Поезд «Бесконечный»,Фэнтези,Боевик (Экшен),Темное,Новинки (2020–2025),7.996,1347949,Kimetsu no Yaiba Movie: Mugen Ressha-hen,8.2,7.8
Финист — Ясный сокол,Фэнтези,Приключения,Мифологическое,Классика (до 2000 года),8.02,44417,,6.8,0
Чародей и Белая Змея,Фэнтези,Мелодрама,Мифологическое,Современное кино (2000–2020),6.784,583709,Bai she chuan shuo,5.8,5.6
Сошедшие с небес,Фэнтези,Боевик (Экшен),Мифологическое,Новинки (2020–2025),8.173,43926,,7.5,0
Братья Гримм,Фэнтези,Приключения,Мифологическое,Современное кино (2000–2020),7.007,13469,The Brothers Grimm,5.9,5.2
Кубо. Легенда о самурае,Фэнтези,Приключения,Мифологическое,Современное кино (2000–2020),7.468,882290,Kubo and the Two Strings,7.7,8.4
Фантастические твари: Тайны Дамблдора,Фэнтези,Приключения,Эпическое,Новинки (2020–2025),6.087,843772,Fantastic Beasts: The Secrets of Dumbledore,6.2,5.4
Золушка `80,Фэнтези,Семейный,Мифологическое,Классика (до 2000 года),8.052,8231,Cinderella,7.3,8.1
Гарри Поттер и философский камень,Фэнтези,Семейный,Эпическое,Современное кино (2000–2020),8.293,689,Harry Potter and the Sorcerer's Stone,7.7,7
Заколдованный мальчик,Фэнтези,Семейный,Мифологическое,Новинки (2020–2025),8.342,45214,,7.7,0
Властелин колец: Братство кольца,Фэнтези,Приключения,Эпическое,Современное кино (2000–2020),8.626,328,The Lord of the Rings: The Fellowship of the Ring,8.9,8.2
Король обезьян,Фэнтези,Приключения,Мифологическое,Современное кино (2000–2020),6.313,909445,Xi you ji zhi da sheng gui lai,6.7,0
Стальной алхимик,Фэнтези,Боевик (Экшен),Эпическое,Новинки (2020–2025),8.241,361699,鋼の錬金術師,8.5,0
Гнев титанов,Фэнтези,Боевик (Экшен),Мифологическое,Современное кино (2000–2020),5.991,518128,Wrath of the Titans,5.7,4.5
Тайна Мунакра,Фэнтези,Приключения,Эпическое,Современное кино (2000–2020),6.565,215577,The Secret of Moonacre,6.1,4.1
Вальгалла: Рагнарек,Фэнтези,Боевик (Экшен),Мифологическое,Новинки (2020–2025),5.775,1191775,Valhalla,5.2,0
Сказка сказок,Фэнтези,Драма,Темное,Современное кино (2000–2020),8.322,43816,,7.8,0
Пробуждающая совесть 2: Дар змеи,Фэнтези,Мелодрама,Мифологическое,Современное кино (2000–2020),6.849,1048345,Skammerens datter II: Slangens gave,5.5,0
Аквамарин,Фэнтези,Комедия,Мифологическое,Современное кино (2000–2020),6.287,102330,Aquamarine,5.5,5.5
Принц Вэлиант,Фэнтези,Приключения,Эпическое,Классика (до 2000 года),6.374,6491,Prince Valiant,5.1,0
Хоббит: Пустошь Смауга,Фэнтези,Приключения,Эпическое,Современное кино (2000–2020),8.033,408876,The Hobbit: The Desolation of Smaug,7.8,6.8
Соломон Кейн,Фэнтези,Боевик (Экшен),Темное,Современное кино (2000–2020),6.235,279791,Solomon Kane,6.1,6.1
Спящая красавица,Фэнтези,Семейный,Эпическое,Классика (до 2000 года),8.007,8232,Sleeping Beauty,7.2,8.3
Геркулес,Фэнтези,Приключения,Мифологическое,Классика (до 2000 года),8.075,2357,Hercules,7.3,7.5
Берсерк. Золотой век: Фильм III. Сошествие,Фэнтези,Боевик (Экшен),Темное,Современное кино (2000–2020),7.736,678124,Berserk Ogon Jidai-hen III: Korin,7.9,0
Загадай желание,Фэнтези,Комедия,Мифологическое,Новинки (2020–2025),7.198,21178,Wish Upon a Star,6.6,0
Хеллбой 2: Золотая армия,Фэнтези,Боевик (Экшен),Мифологическое,Современное кино (2000–2020),7.062,81472,Hellboy II: The Golden Army,7,7.2
Прекрасные создания,Фэнтези,Мелодрама,Темное,Современное кино (2000–2020),5.949,489438,Beautiful Creatures,6.1,5.4
Хранитель луны,Фэнтези,Семейный,Мифологическое,Новинки (2020–2025),7.402,842910,Mune: Le Gardien de la Lune,7.1,0
Волшебная страна,Фэнтези,Семейный,Мифологическое,Классика (до 2000 года),7.876,4511,Finding Neverland,7.6,7.5
Руслан и Людмила,Фэнтези,Приключения,Мифологическое,Классика (до 2000 года),7.893,42147,,7.1,0
Последний богатырь: Посланник Тьмы,Фэнтези,Приключения,Мифологическое,Новинки (2020–2025),7.218,1272246,,5.5,0
Бахубали: Рождение легенды,Фэнтези,Боевик (Экшен),Эпическое,Современное кино (2000–2020),7.356,922572,Bãhubali 2: The Conclusion,8.2,7.6
Иван да Марья,Фэнтези,Семейный,Мифологическое,Новинки (2020–2025),7.106,42654,,6.3,0
Zолушка,Фэнтези,Мелодрама,Мифологическое,Классика (до 2000 года),3.976,647291,,4,0
Волшебник страны Оз,Фэнтези,Семейный,Мифологическое,Классика (до 2000 года),7.65,379,The Wizard of Oz,8.1,9.4
Раскрашенная кожа 2,Фэнтези,Боевик (Экшен),Мифологическое,Современное кино (2000–2020),6.815,678652,Hua pi 2,6.2,4.4
Темная башня,Фэнтези,Боевик (Экшен),Темное,Современное кино (2000–2020),4.658,15599,Dark Tower,4.2,0
Небесный замок Лапута,Фэнтези,Приключения,Эпическое,Классика (до 2000 года),8.285,1846,Tenkuu no Shiro Laputa,8,7.6
Труп невесты,Фэнтези,Мелодрама,Темное,Современное кино (2000–2020),7.87,77548,Corpse Bride,7.4,7.2
Сумерки. Сага. Затмение,Фэнтези,Мелодрама,Темное,Современное кино (2000–2020),5.978,432423,The Twilight Saga: Eclipse,5.1,5.4
Кровь и шоколад,Фэнтези,Мелодрама,Темное,Современное кино (2000–2020),6.306,195623,Blood and Chocolate,5.3,3.6
Оз: Великий и ужасный,Фэнтези,Приключения,Эпическое,Современное кино (2000–2020),6.259,506005,Oz the Great and Powerful,6.3,6
Аладдин,Фэнтези,Семейный,Мифологическое,Классика (до 2000 года),7.299,1007049,Aladdin,6.9,5.9
Артемис Фаул,Фэнтези,Приключения,Мифологическое,Новинки (2020–2025),4.676,784315,Artemis Fowl,4.3,3.6
Весенняя сказка,Фэнтези,Мелодрама,Мифологическое,Новинки (2020–2025),6.609,81280,,6.4,0
